node,cpu_energy_mj,lpm_energy_mj,radio_tx_energy_mj,radio_rx_energy_mj,node_time,total_sent,total_received,bytes_tx,bytes_rx,r2n_latency,lqi,rssi,server_sent,server_received,server_bytes_rx,n2r_latency,hops,rtt_latency,root_time_now
fd00::202:2:2:2,37,0,0,23,20901,1,0,60,0,0,0,0,0,1,60,29,0,0,20930
fd00::202:2:2:2,18,0,0,8,31432,2,1,60,12,324,100,-87,1,3,60,68,0,197,31500
fd00::202:2:2:2,18,0,0,8,41965,3,2,60,12,404,100,-87,2,5,60,35,0,237,42000
fd00::202:2:2:2,18,0,0,8,52494,4,3,60,12,554,100,-87,3,7,60,6,0,312,52500
fd00::202:2:2:2,18,0,0,8,63025,5,4,60,12,284,100,-87,4,9,60,45,0,177,63070
fd00::202:2:2:2,18,0,0,8,73556,6,5,60,12,84,100,-87,5,11,60,14,0,77,73570
fd00::202:2:2:2,18,0,0,8,84089,7,6,60,12,234,100,-87,6,13,60,51,0,292,84140
fd00::202:2:2:2,18,0,0,8,94620,8,7,60,12,384,100,-87,7,15,60,20,0,227,94640
fd00::202:2:2:2,18,0,0,8,105149,9,8,60,12,114,100,-87,8,17,60,61,0,92,105210
fd00::202:2:2:2,18,0,0,8,115680,10,9,60,12,193,100,-87,9,19,60,30,0,131,115710
fd00::202:2:2:2,18,0,0,8,126213,11,10,60,12,414,100,-87,10,21,60,67,0,242,126280
fd00::202:2:2:2,18,0,0,8,136742,12,11,60,12,424,100,-87,11,23,60,38,0,247,136780
fd00::202:2:2:2,18,0,0,8,147273,13,12,60,12,154,100,-87,12,25,60,77,0,112,147350
fd00::202:2:2:2,18,0,0,8,157806,14,13,60,12,234,100,-87,13,27,60,44,0,152,157850
fd00::202:2:2:2,18,0,0,8,168337,15,14,60,12,384,100,-87,14,29,60,13,0,227,168350
fd00::202:2:2:2,18,0,0,8,178866,16,15,60,12,324,100,-87,15,31,60,54,0,617,178920
fd00::202:2:2:2,18,0,0,8,189399,17,16,60,12,194,100,-87,16,33,60,21,0,132,189420
fd00::202:2:2:2,18,0,0,8,199930,18,17,60,12,274,100,-87,18,35,60,62,0,172,199992
fd00::202:2:2:2,18,0,0,8,210459,19,18,60,12,284,100,-87,19,37,60,31,0,177,210490
fd00::202:2:2:2,18,0,0,8,220990,20,20,60,12,234,100,-87,20,40,60,70,0,152,221060
fd00::202:2:2:2,18,0,0,8,231521,21,21,60,12,1294,100,-87,21,42,60,529,0,997,232050
fd00::202:2:2:2,18,0,0,8,242052,22,22,60,12,254,100,-87,22,44,60,8,0,162,242060
fd00::202:2:2:2,18,0,0,8,252583,23,23,60,12,264,100,-87,23,46,60,47,0,272,252630
fd00::202:2:2:2,18,0,0,8,263114,24,24,60,12,204,100,-87,24,48,60,16,0,137,263130
fd00::202:2:2:2,18,0,0,8,273647,25,25,60,12,774,100,-87,25,50,60,53,0,422,273700
fd00::202:2:2:2,18,0,0,8,284176,26,26,60,12,154,100,-87,26,52,60,24,0,112,284200
fd00::202:2:2:2,18,0,0,8,294707,27,27,60,12,304,100,-87,27,54,60,63,0,257,294770
fd00::202:2:2:2,18,0,0,8,305238,28,28,60,12,734,100,-87,28,56,60,32,0,402,305270
fd00::202:2:2:2,18,0,0,8,315769,29,29,60,12,114,100,-87,29,58,60,71,0,92,315840
fd00::202:2:2:2,18,0,0,8,326302,30,30,60,12,194,100,-87,30,60,60,38,0,307,326340
fd00::202:2:2:2,18,0,0,8,336833,31,31,60,12,414,100,-87,31,62,60,7,0,242,336840
fd00::202:2:2:2,18,0,0,8,347362,32,32,60,12,144,100,-87,32,64,60,48,0,107,347410
fd00::202:2:2:2,18,0,0,9,357893,33,33,60,12,294,100,-87,33,66,60,17,0,182,357910
fd00::202:2:2:2,18,0,0,8,368426,34,34,60,12,724,100,-87,34,68,60,54,0,537,368480
fd00::202:2:2:2,18,0,0,8,378957,35,35,60,12,105,100,-87,35,70,60,23,0,192,378980
fd00::202:2:2:2,18,0,0,8,389486,36,36,60,12,814,100,-87,36,72,60,64,0,582,389550
fd00::202:2:2:2,18,0,0,8,400019,37,37,60,12,194,100,-87,38,74,60,661,0,447,400680
fd00::202:2:2:2,18,0,0,8,410548,38,39,60,12,214,100,-87,39,77,60,72,0,247,410620
fd00::202:2:2:2,18,0,0,8,421079,39,40,60,12,224,100,-87,40,79,60,41,0,217,421120
fd00::202:2:2:2,18,0,0,8,431610,40,41,60,12,304,100,-87,41,81,60,220,0,327,431830
fd00::202:2:2:2,18,0,0,8,442141,41,42,60,12,384,100,-87,42,83,60,49,0,297,442190
fd00::202:2:2:2,18,0,0,8,452672,42,43,60,12,254,100,-87,43,85,60,18,0,267,452690
fd00::202:2:2:2,18,0,0,8,463203,43,44,60,12,404,100,-87,44,87,60,57,0,482,463260
fd00::202:2:2:2,18,0,0,8,473734,44,45,60,12,414,100,-87,45,89,60,26,0,312,473760
fd00::202:2:2:2,18,0,0,8,484265,45,46,60,12,284,100,-87,46,91,60,65,0,247,484330
fd00::202:2:2:2,18,0,0,8,494796,46,47,60,12,1064,100,-87,47,93,60,34,0,707,494830
fd00::202:2:2:2,18,0,0,8,505329,47,48,60,12,234,100,-87,48,95,60,71,0,257,505400
fd00::202:2:2:2,18,0,0,8,515860,48,49,60,12,1574,100,-87,49,97,60,40,0,927,515900
fd00::202:2:2:2,18,0,0,8,526389,49,50,60,12,394,100,-87,50,99,60,291,0,547,526680
fd00::202:2:2:2,18,0,0,8,536920,50,51,60,12,194,100,-87,51,101,60,50,0,517,536970
fd00::202:2:2:2,18,0,0,8,547453,51,52,60,12,904,100,-87,52,103,60,17,0,767,547470
fd00::202:2:2:2,18,0,0,8,557984,52,53,60,12,214,100,-87,53,105,60,56,0,212,558040
fd00::202:2:2:2,18,0,0,8,568513,53,54,60,12,294,100,-87,54,107,60,27,0,357,568540
fd00::202:2:2:2,18,0,0,8,579046,54,55,60,12,94,100,-87,55,109,60,64,0,152,579110
fd00::202:2:2:2,18,0,0,8,589577,55,56,60,12,244,100,-87,56,111,60,33,0,262,589610
fd00::202:2:2:2,18,0,0,8,600108,56,57,60,12,254,100,-87,58,113,60,702,0,442,600810
fd00::202:2:2:2,18,0,0,8,610637,57,58,60,12,264,100,-87,59,115,60,323,0,447,610960
fd00::202:2:2:2,18,0,0,8,621168,58,60,60,12,214,100,-87,60,118,60,12,0,142,621180
fd00::202:2:2:2,18,0,0,8,631699,59,61,60,12,154,100,-87,61,120,60,51,0,252,631750
fd00::202:2:2:2,18,0,0,8,642230,60,62,60,12,864,100,-87,62,122,60,20,0,467,642250
fd00::202:2:2:2,18,0,0,8,652761,61,63,60,12,174,100,-87,63,124,60,59,0,227,652820
fd00::202:2:2:2,18,0,0,8,663292,62,64,60,12,254,100,-87,64,126,60,28,0,162,663320
fd00::202:2:2:2,18,0,0,8,673823,63,65,60,12,194,100,-87,65,128,60,67,0,1672,673890
fd00::202:2:2:2,18,0,0,8,684354,64,66,60,12,204,100,-87,66,130,60,36,0,347,684390
fd00::202:2:2:2,18,0,0,8,694885,65,67,60,12,564,100,-87,67,132,60,75,0,317,694960
fd00::202:2:2:2,18,0,0,8,705416,66,68,60,12,154,100,-87,68,134,60,44,0,112,705460
fd00::202:2:2:2,18,0,0,8,715947,67,69,60,12,935,100,-87,69,136,60,13,0,817,715960
fd00::202:2:2:2,18,0,0,8,726478,68,70,60,12,174,100,-87,70,138,60,52,0,122,726530
fd00::202:2:2:2,18,0,0,8,737009,69,71,60,12,324,100,-87,71,140,60,21,0,197,737030
fd00::202:2:2:2,18,0,0,8,747542,70,72,60,12,264,100,-87,72,142,60,58,0,167,747600
fd00::202:2:2:2,18,0,0,8,758071,71,73,60,12,414,100,-87,73,144,60,29,0,382,758100
fd00::202:2:2:2,18,0,0,8,768602,72,74,60,12,144,100,-87,74,146,60,68,0,212,768670
fd00::202:2:2:2,18,0,0,8,779133,73,75,60,12,1904,100,-87,75,148,60,37,0,1057,779170
fd00::202:2:2:2,18,0,0,8,789666,74,76,60,12,164,100,-87,76,150,60,4,0,817,789670
fd00::202:2:2:2,18,0,0,8,800197,75,77,60,12,664,100,-87,78,152,60,253,0,752,800450
fd00::202:2:2:2,18,0,0,8,810726,76,79,60,12,404,100,-87,79,155,60,14,0,342,810740
fd00::202:2:2:2,18,0,0,8,821257,77,80,60,12,414,100,-87,80,157,60,53,0,312,821310
fd00::202:2:2:2,18,0,0,8,831788,78,81,60,12,424,100,-87,81,159,60,22,0,352,831810
fd00::202:2:2:2,18,0,0,8,842319,79,82,60,12,364,100,-87,82,161,60,61,0,357,842380
fd00::202:2:2:2,18,0,0,8,852850,80,83,60,12,164,100,-87,83,163,60,30,0,432,852880
fd00::202:2:2:2,18,0,0,8,863381,81,84,60,12,174,100,-87,84,165,60,69,0,262,863450
fd00::202:2:2:2,18,0,0,8,873912,82,85,60,12,254,100,-87,85,167,60,38,0,267,873950
fd00::202:2:2:2,18,0,0,8,884443,83,86,60,12,264,100,-87,86,169,60,7,0,237,884450
fd00::202:2:2:2,18,0,0,8,894974,84,87,60,12,274,100,-87,87,171,60,46,0,277,895020
fd00::202:2:2:2,18,0,0,8,905505,85,88,60,12,354,100,-87,88,173,60,295,0,352,905800
fd00::202:2:2:2,18,0,0,8,916036,86,89,60,12,364,100,-87,89,175,60,54,0,322,916090
fd00::202:2:2:2,18,0,0,8,926569,87,90,60,12,164,100,-87,90,177,60,21,0,292,926590
fd00::202:2:2:2,18,0,0,8,937098,88,91,60,12,244,100,-87,91,179,60,62,0,367,937160
fd00::202:2:2:2,18,0,0,8,947629,89,92,60,12,744,100,-87,92,181,60,31,0,477,947660
fd00::202:2:2:2,18,0,0,8,958162,90,93,60,12,265,100,-87,93,183,60,68,0,202,958230
fd00::202:2:2:2,18,0,0,8,968691,91,94,60,12,204,100,-87,94,185,60,39,0,207,968730
fd00::202:2:2:2,18,0,0,8,979222,92,95,60,12,214,100,-87,95,187,60,8,0,212,979230
fd00::202:2:2:2,18,0,0,8,989755,93,96,60,12,364,100,-87,96,189,60,45,0,602,989800
fd00::202:2:2:2,18,0,0,8,1000284,94,98,60,12,174,100,-87,98,192,60,86,0,157,1000370
fd00::202:2:2:2,18,0,0,8,1010815,95,99,60,12,184,100,-87,99,194,60,55,0,162,1010870
fd00::202:2:2:2,18,0,0,8,1021346,96,100,60,12,404,100,-87,100,196,60,94,0,657,1021440
fd00::202:2:2:2,18,0,0,8,1031877,97,101,60,12,414,100,-87,101,198,60,63,0,382,1031940
fd00::202:2:2:2,18,0,0,8,1042408,98,102,60,12,424,100,-87,102,200,60,32,0,352,1042440
fd00::202:2:2:2,18,0,0,8,1052939,99,103,60,12,224,100,-87,103,202,60,71,0,217,1053010
fd00::202:2:2:2,18,0,0,8,1063470,100,104,60,12,304,100,-87,104,204,60,40,0,257,1063510
fd00::202:2:2:2,18,0,0,8,1074001,101,105,60,12,245,100,-87,105,206,60,9,0,262,1074010
fd00::202:2:2:2,18,0,0,8,1084532,102,106,60,12,884,100,-87,106,208,60,48,0,477,1084580
fd00::202:2:2:2,18,0,0,8,1095065,103,107,60,12,194,100,-87,107,210,60,155,0,132,1095220
fd00::202:2:2:2,18,0,0,8,1105594,104,108,60,12,414,100,-87,108,212,60,56,0,242,1105650
fd00::202:2:2:2,18,0,0,8,1116125,105,109,60,12,214,100,-87,109,214,60,25,0,142,1116150
fd00::202:2:2:2,18,0,0,8,1126658,106,110,60,12,224,100,-87,110,216,60,62,0,147,1126720
fd00::202:2:2:2,18,0,0,8,1137189,107,111,60,12,234,100,-87,111,218,60,31,0,152,1137220
fd00::202:2:2:2,18,0,0,8,1147719,108,112,60,12,1294,100,-87,112,220,60,71,0,682,1147790
fd00::202:2:2:2,18,0,0,8,1158249,109,113,60,12,534,100,-87,113,222,60,41,0,302,1158290
fd00::202:2:2:2,18,0,0,8,1168782,110,114,60,12,334,100,-87,114,224,60,218,0,272,1169000
fd00::202:2:2:2,18,0,0,8,1179311,111,115,60,12,204,100,-87,115,226,60,49,0,487,1179360
fd00::202:2:2:2,18,0,0,8,1189842,112,116,60,12,284,100,-87,116,228,60,18,0,177,1189860
fd00::202:2:2:2,18,0,0,8,1200373,113,118,60,12,164,100,-87,118,231,60,127,0,117,1200500
fd00::202:2:2:2,18,0,0,8,1210904,114,119,60,12,104,100,-87,119,233,60,96,0,122,1211000
fd00::202:2:2:2,18,0,0,8,1221435,115,120,60,12,394,100,-87,120,235,60,65,0,267,1221500
fd00::202:2:2:2,18,0,0,8,1231966,116,121,60,12,194,100,-87,121,237,60,34,0,167,1232000
fd00::202:2:2:2,18,0,0,8,1242500,117,122,60,12,204,100,-87,122,239,60,70,0,417,1242570
fd00::202:2:2:2,18,0,0,8,1253028,118,123,60,12,984,100,-87,123,241,60,42,0,527,1253070
fd00::202:2:2:2,18,0,0,8,1263559,119,124,60,12,154,100,-87,124,243,60,11,0,112,1263570
fd00::202:2:2:2,18,0,0,8,1274090,120,125,60,12,654,100,-87,125,245,60,50,0,362,1274140
fd00::202:2:2:2,18,0,0,8,1284621,121,126,60,12,174,100,-87,126,247,60,19,0,507,1284640
fd00::202:2:2:2,18,0,0,8,1295154,122,127,60,12,814,100,-87,127,249,60,56,0,442,1295210
fd00::202:2:2:2,18,0,0,8,1305683,123,128,60,12,614,100,-87,128,251,60,27,0,587,1305710
fd00::202:2:2:2,18,0,0,8,1316214,124,129,60,12,204,100,-87,129,253,60,66,0,452,1316280
fd00::202:2:2:2,18,0,0,8,1326745,125,130,60,12,424,100,-87,130,255,60,35,0,457,1326780
fd00::202:2:2:2,18,0,0,8,1337278,126,131,60,12,434,100,-87,131,257,60,72,0,392,1337350
fd00::202:2:2:2,18,0,0,8,1347809,127,132,60,12,1424,100,-87,132,259,60,41,0,747,1347850
fd00::202:2:2:2,18,0,0,8,1358338,128,133,60,12,174,100,-87,133,261,60,12,0,262,1358350
fd00::202:2:2:2,18,0,0,8,1368871,129,134,60,12,184,100,-87,134,263,60,49,0,162,1368920
fd00::202:2:2:2,18,0,0,8,1379402,130,135,60,12,194,100,-87,135,265,60,18,0,237,1379420
fd00::202:2:2:2,18,0,0,8,1389931,131,136,60,12,204,100,-87,137,267,60,62,0,172,1389993
fd00::202:2:2:2,18,0,0,8,1400462,132,138,60,12,154,100,-87,138,270,60,28,0,182,1400490
fd00::202:2:2:2,18,0,0,8,1410993,133,139,60,12,164,100,-87,139,272,60,67,0,117,1411060
fd00::202:2:2:2,18,0,0,8,1421524,134,140,60,12,314,100,-87,140,274,60,246,0,822,1421770
fd00::202:2:2:2,18,0,0,8,1432055,135,141,60,12,814,100,-87,141,276,60,75,0,862,1432130
fd00::202:2:2:2,18,0,0,8,1442586,136,142,60,12,1034,100,-87,142,278,60,44,0,692,1442630
fd00::202:2:2:2,18,0,0,8,1453117,137,143,60,12,414,100,-87,143,280,60,13,0,277,1453130
fd00::202:2:2:2,18,0,0,8,1463650,138,144,60,12,564,100,-87,144,282,60,50,0,422,1463700
fd00::202:2:2:2,18,0,0,8,1474179,139,145,60,12,854,100,-87,145,284,60,21,0,637,1474200
fd00::202:2:2:2,18,0,0,8,1484710,140,146,60,12,1424,100,-87,146,286,60,60,0,817,1484770
fd00::202:2:2:2,18,0,0,8,1495243,141,147,60,12,174,100,-87,147,288,60,27,0,262,1495270
fd00::202:2:2:2,18,0,0,8,1505772,142,148,60,12,184,100,-87,148,290,60,68,0,512,1505840
fd00::202:2:2:2,18,0,0,8,1516303,143,149,60,12,684,100,-87,149,292,60,37,0,517,1516340
fd00::202:2:2:2,18,0,0,8,1526834,144,150,60,12,204,100,-87,150,294,60,6,0,277,1526840
fd00::202:2:2:2,18,0,0,8,1537365,145,151,60,12,424,100,-87,151,296,60,45,0,387,1537410
fd00::202:2:2:2,18,0,0,8,1547898,146,152,60,12,364,100,-87,152,298,60,12,0,357,1547910
fd00::202:2:2:2,18,0,0,8,1558427,147,153,60,12,654,100,-87,153,300,60,53,0,362,1558480
fd00::202:2:2:2,18,0,0,8,1568958,148,154,60,12,384,100,-87,154,302,60,22,0,227,1568980
fd00::202:2:2:2,18,0,0,8,1579491,149,155,60,12,184,100,-87,155,304,60,59,0,127,1579550
fd00::202:2:2:2,18,0,0,8,1590020,150,156,60,12,194,100,-87,157,306,60,1360,0,132,1591380
fd00::202:2:2:2,18,0,0,8,1600551,151,158,60,12,284,100,-87,158,309,60,69,0,282,1600620
fd00::202:2:2:2,18,0,0,8,1611082,152,159,60,12,154,100,-87,159,311,60,38,0,182,1611120
fd00::202:2:2:2,18,0,0,8,1621613,153,160,60,12,374,100,-87,160,313,60,7,0,222,1621620
fd00::202:2:2:2,18,0,0,8,1632144,154,161,60,12,244,100,-87,161,315,60,46,0,297,1632190
fd00::202:2:2:2,18,0,0,8,1642675,155,162,60,12,184,100,-87,162,317,60,15,0,127,1642690
fd00::202:2:2:2,18,0,0,8,1653206,156,163,60,12,194,100,-87,163,319,60,54,0,307,1653260
fd00::202:2:2:2,18,0,0,8,1663737,157,164,60,12,764,100,-87,164,321,60,23,0,417,1663760
fd00::202:2:2:2,18,0,0,8,1674268,158,165,60,12,494,100,-87,165,323,60,62,0,282,1674330
fd00::202:2:2:2,18,0,0,8,1684799,159,166,60,12,154,100,-87,166,325,60,31,0,112,1684830
fd00::202:2:2:2,18,0,0,8,1695330,160,167,60,12,164,100,-87,167,327,60,70,0,187,1695400
fd00::202:2:2:2,18,0,0,8,1705861,161,168,60,12,804,100,-87,168,329,60,39,0,437,1705900
fd00::202:2:2:2,18,0,0,8,1716392,162,169,60,12,884,100,-87,169,331,60,8,0,477,1716400
fd00::202:2:2:2,18,0,0,8,1726925,163,170,60,12,194,100,-87,170,333,60,45,0,132,1726970
fd00::202:2:2:2,18,0,0,8,1737454,164,171,60,12,553,100,-87,171,335,60,16,0,416,1737470
fd00::202:2:2:2,18,0,0,8,1747985,165,172,60,12,424,100,-87,172,337,60,55,0,422,1748040
fd00::202:2:2:2,18,0,0,8,1758518,166,173,60,12,154,100,-87,173,339,60,22,0,427,1758540
fd00::202:2:2:2,18,0,0,8,1769047,167,174,60,12,164,100,-87,174,341,60,63,0,292,1769110
fd00::202:2:2:2,18,0,0,8,1779578,168,175,60,12,874,100,-87,175,343,60,32,0,472,1779610
fd00::202:2:2:2,18,0,0,8,1790109,169,177,60,12,54,100,-87,177,346,60,3431,0,1742,1793540
fd00::202:2:2:2,18,0,0,8,1800640,170,178,60,12,204,100,-87,178,348,60,40,0,137,1800680
fd00::202:2:2:2,18,0,0,8,1811171,171,179,60,12,424,100,-87,179,350,60,289,0,247,1811460
fd00::202:2:2:2,18,0,0,8,1821702,172,180,60,12,84,100,-87,180,352,60,48,0,77,1821750
fd00::202:2:2:2,18,0,0,8,1832233,173,181,60,12,934,100,-87,181,354,60,17,0,502,1832250
fd00::202:2:2:2,18,0,0,8,1842766,174,182,60,12,174,100,-87,182,356,60,54,0,367,1842820
fd00::202:2:2:2,18,0,0,8,1853295,175,183,60,12,184,100,-87,183,358,60,25,0,337,1853320
fd00::202:2:2:2,18,0,0,8,1863826,176,184,60,12,194,100,-87,184,360,60,64,0,342,1863890
fd00::202:2:2:2,18,0,0,8,1874359,177,185,60,12,904,100,-87,185,362,60,31,0,522,1874390
fd00::202:2:2:2,18,0,0,8,1884889,178,186,60,12,634,100,-87,186,364,60,71,0,457,1884960
fd00::202:2:2:2,18,0,0,8,1895419,179,187,60,12,294,100,-87,187,366,60,41,0,182,1895460
fd00::202:2:2:2,18,0,0,8,1905950,180,188,60,12,654,100,-87,188,368,60,150,0,362,1906100
fd00::202:2:2:2,18,0,0,8,1916483,181,189,60,12,314,100,-87,189,370,60,47,0,262,1916530
fd00::202:2:2:2,18,0,0,8,1927012,182,190,60,12,1094,100,-87,190,372,60,18,0,582,1927030
fd00::202:2:2:2,18,0,0,8,1937545,183,191,60,12,474,100,-87,191,374,60,55,0,587,1937600
fd00::202:2:2:2,18,0,0,8,1948076,184,192,60,12,414,100,-87,192,376,60,24,0,242,1948100
fd00::202:2:2:2,18,0,0,8,1958605,185,193,60,12,144,100,-87,193,378,60,65,0,492,1958670
fd00::202:2:2:2,18,0,0,8,1969138,186,194,60,12,154,100,-87,194,380,60,32,0,392,1969170
fd00::202:2:2:2,18,0,0,8,1979669,187,195,60,12,864,100,-87,195,382,60,71,0,467,1979740
fd00::202:2:2:2,18,0,0,8,1990200,188,196,60,12,314,100,-87,197,384,60,40,0,192,1990240
fd00::202:2:2:2,18,0,0,8,2000729,189,198,60,12,474,100,-87,198,387,60,361,0,342,2001090
fd00::202:2:2:2,18,0,0,8,2011260,190,199,60,12,904,100,-87,199,389,60,50,0,592,2011310
fd00::202:2:2:2,18,0,0,8,2021791,191,200,60,12,424,100,-87,200,391,60,19,0,247,2021810
fd00::202:2:2:2,18,0,0,8,2032322,192,201,60,12,154,100,-87,201,393,60,128,0,147,2032450
fd00::202:2:2:2,18,0,0,8,2042853,193,202,60,12,724,100,-87,202,395,60,27,0,502,2042880
fd00::202:2:2:2,18,0,0,8,2053384,194,203,60,12,244,100,-87,203,397,60,66,0,262,2053450
fd00::202:2:2:2,18,0,0,8,2063915,195,204,60,12,814,100,-87,204,399,60,35,0,477,2063950
fd00::202:2:2:2,18,0,0,8,2074448,196,205,60,12,334,100,-87,205,401,60,72,0,482,2074520
fd00::202:2:2:2,18,0,0,8,2084979,197,206,60,12,904,100,-87,206,403,60,41,0,487,2085020
fd00::202:2:2:2,18,0,0,8,2095508,198,207,60,12,284,100,-87,207,405,60,12,0,212,2095520
fd00::202:2:2:2,18,0,0,8,2106039,199,208,60,12,364,100,-87,208,407,60,51,0,357,2106090
fd00::202:2:2:2,18,0,0,8,2116572,200,209,60,12,234,100,-87,209,409,60,18,0,152,2116590
fd00::202:2:2:2,18,0,0,8,2127101,201,210,60,12,384,100,-87,210,411,60,59,0,332,2127160
fd00::202:2:2:2,18,0,0,8,2137632,202,211,60,12,254,100,-87,211,413,60,28,0,302,2137660
fd00::202:2:2:2,18,0,0,8,2148163,203,212,60,12,194,100,-87,212,415,60,67,0,1777,2148230
fd00::202:2:2:2,18,0,0,8,2158696,204,213,60,12,204,100,-87,213,417,60,314,0,137,2159010
fd00::202:2:2:2,18,0,0,8,2169225,205,214,60,12,1544,100,-87,214,419,60,75,0,807,2169300
fd00::202:2:2:2,18,0,0,8,2179758,206,215,60,12,224,100,-87,215,421,60,42,0,742,2179800
fd00::202:2:2:2,18,0,0,8,2190285,207,216,60,12,374,100,-87,217,423,60,295,0,432,2190580
fd00::202:2:2:2,18,0,0,8,2200818,208,218,60,12,324,100,-87,218,426,60,52,0,267,2200870
fd00::202:2:2:2,18,0,0,8,2211349,209,219,60,12,404,100,-87,219,428,60,21,0,517,2211370
fd00::202:2:2:2,18,0,0,8,2221880,210,220,60,12,204,100,-87,220,430,60,60,0,487,2221940
fd00::202:2:2:2,18,0,0,8,2232411,211,221,60,12,354,100,-87,221,432,60,29,0,352,2232440
fd00::202:2:2:2,18,0,0,8,2242942,212,222,60,12,224,100,-87,222,434,60,68,0,252,2243010
fd00::202:2:2:2,18,0,0,8,2253473,213,223,60,12,304,100,-87,223,436,60,37,0,222,2253510
fd00::202:2:2:2,18,0,0,8,2264004,214,224,60,12,244,100,-87,224,438,60,6,0,297,2264010
fd00::202:2:2:2,18,0,0,8,2274537,215,225,60,12,464,100,-87,225,440,60,43,0,407,2274580
fd00::202:2:2:2,18,0,0,8,2285066,216,226,60,12,2434,100,-87,226,442,60,14,0,1287,2285080
fd00::202:2:2:2,18,0,0,8,2295597,217,227,60,12,554,100,-87,227,444,60,53,0,347,2295650
fd00::202:2:2:2,18,0,0,8,2306130,218,228,60,12,214,100,-87,228,446,60,20,0,247,2306150
fd00::202:2:2:2,18,0,0,8,2316661,219,229,60,12,296,100,-87,229,448,60,59,0,218,2316720
fd00::202:2:2:2,18,0,0,8,2327190,220,230,60,12,304,100,-87,230,450,60,30,0,397,2327220
fd00::202:2:2:2,18,0,0,8,2337721,221,231,60,12,244,100,-87,231,452,60,69,0,1662,2337790
fd00::202:2:2:2,18,0,0,8,2348254,222,232,60,12,254,100,-87,232,454,60,36,0,512,2348290
fd00::202:2:2:2,18,0,0,8,2358783,223,233,60,12,334,100,-87,233,456,60,7,0,237,2358790
fd00::202:2:2:2,18,0,0,8,2369314,224,234,60,12,204,100,-87,234,458,60,46,0,277,2369360
fd00::202:2:2:2,18,0,0,8,2379847,225,235,60,12,354,100,-87,235,460,60,13,0,317,2379860
fd00::202:2:2:2,18,0,0,8,2390376,226,237,60,12,374,100,-87,237,463,60,754,0,537,2391130
fd00::202:2:2:2,18,0,0,8,2400907,227,238,60,12,244,100,-87,238,465,60,23,0,192,2400930
fd00::202:2:2:2,18,0,0,8,2411438,228,239,60,12,884,100,-87,239,467,60,622,0,1002,2412060
fd00::202:2:2:2,18,0,0,8,2421969,229,240,60,12,964,100,-87,240,469,60,31,0,657,2422000
fd00::202:2:2:2,18,0,0,8,2432500,230,241,60,12,1674,100,-87,241,471,60,70,0,942,2432570
fd00::202:2:2:2,18,0,0,8,2443033,231,242,60,12,424,100,-87,242,473,60,37,0,317,2443070
fd00::202:2:2:2,18,0,0,8,2453562,232,243,60,12,154,100,-87,243,475,60,8,0,252,2453570
fd00::202:2:2:2,18,0,0,8,2464093,233,244,60,12,794,100,-87,244,477,60,47,0,502,2464140
fd00::202:2:2:2,18,0,0,8,2474624,234,245,60,12,174,100,-87,245,479,60,16,0,262,2474640
fd00::202:2:2:2,18,0,0,8,2485155,235,246,60,12,394,100,-87,246,481,60,55,0,267,2485210
fd00::202:2:2:2,18,0,0,8,2495688,236,247,60,12,404,100,-87,247,483,60,22,0,342,2495710
fd00::202:2:2:2,18,0,0,8,2506217,237,248,60,12,274,100,-87,248,485,60,63,0,207,2506280
fd00::202:2:2:2,18,0,0,8,2516748,238,249,60,12,284,100,-87,249,487,60,32,0,247,2516780
fd00::202:2:2:2,18,0,0,8,2527281,239,250,60,12,644,100,-87,250,489,60,69,0,497,2527350
fd00::202:2:2:2,18,0,0,8,2537812,240,251,60,12,374,100,-87,251,491,60,38,0,362,2537850
fd00::202:2:2:2,18,0,0,8,2548341,241,252,60,12,594,100,-87,252,493,60,9,0,472,2548350
fd00::202:2:2:2,18,0,0,8,2558874,242,253,60,12,323,100,-87,253,495,60,46,0,231,2558920
fd00::202:2:2:2,18,0,0,8,2569403,243,254,60,12,474,100,-87,254,497,60,17,0,412,2569420
fd00::202:2:2:2,18,0,0,8,2579932,244,255,60,12,274,100,-87,256,499,60,61,0,312,2579993
fd00::202:2:2:2,18,0,0,8,2590465,245,257,60,12,294,100,-87,257,502,60,165,0,252,2590630
fd00::202:2:2:2,18,0,0,8,2600996,246,258,60,12,164,100,-87,258,504,60,64,0,257,2601060
fd00::202:2:2:2,18,0,0,8,2611529,247,259,60,12,314,100,-87,259,506,60,31,0,227,2611560
fd00::202:2:2:2,18,0,0,8,2622058,248,260,60,12,254,100,-87,260,508,60,72,0,232,2622130
fd00::202:2:2:2,18,0,0,8,2632589,249,261,60,12,614,100,-87,261,510,60,41,0,377,2632630
fd00::202:2:2:2,18,0,0,8,2643122,250,262,60,12,414,100,-87,262,512,60,8,0,312,2643130
fd00::202:2:2:2,18,0,0,8,2653651,251,263,60,12,284,100,-87,263,514,60,49,0,492,2653700
fd00::202:2:2:2,18,0,0,8,2664182,252,264,60,12,574,100,-87,264,516,60,18,0,637,2664200
fd00::202:2:2:2,18,0,0,8,2674713,253,265,60,12,374,100,-87,265,518,60,57,0,292,2674770
fd00::202:2:2:2,18,0,0,8,2685244,254,266,60,12,174,100,-87,266,520,60,26,0,262,2685270
fd00::202:2:2:2,18,0,0,8,2695775,255,267,60,12,254,100,-87,267,522,60,135,0,232,2695910
fd00::202:2:2:2,18,0,0,8,2706306,256,268,60,12,896,100,-87,268,524,60,34,0,588,2706340
fd00::202:2:2:2,18,0,0,8,2716839,257,269,60,12,204,100,-87,269,526,60,71,0,137,2716910
fd00::202:2:2:2,18,0,0,8,2727368,258,270,60,12,214,100,-87,270,528,60,42,0,492,2727410
fd00::202:2:2:2,18,0,0,8,2737901,259,271,60,12,714,100,-87,271,530,60,9,0,532,2737910
fd00::202:2:2:2,18,0,0,8,2748430,260,272,60,12,164,100,-87,272,532,60,50,0,117,2748480
fd00::202:2:2:2,18,0,0,8,2758961,261,273,60,12,174,100,-87,273,534,60,19,0,332,2758980
fd00::202:2:2:2,18,0,0,8,2769494,262,274,60,12,394,100,-87,274,536,60,56,0,302,2769550
fd00::202:2:2:2,18,0,0,8,2780025,263,275,60,12,194,100,-87,276,538,60,235,0,132,2780260
fd00::202:2:2:2,18,0,0,8,2790554,264,277,60,12,214,100,-87,277,541,60,276,0,142,2790830
fd00::202:2:2:2,18,0,0,8,2801085,265,278,60,12,224,100,-87,278,543,60,35,0,147,2801120
fd00::202:2:2:2,18,0,0,8,2811616,266,279,60,12,1494,100,-87,279,545,60,74,0,782,2811690
fd00::202:2:2:2,18,0,0,8,2822147,267,280,60,12,174,100,-87,280,547,60,43,0,122,2822190
fd00::202:2:2:2,18,0,0,8,2832680,268,281,60,12,184,100,-87,281,549,60,10,0,337,2832690
fd00::202:2:2:2,18,0,0,8,2843209,269,282,60,12,194,100,-87,282,551,60,51,0,132,2843260
fd00::202:2:2:2,18,0,0,8,2853740,270,283,60,12,484,100,-87,283,553,60,20,0,277,2853760
fd00::202:2:2:2,18,0,0,8,2864271,271,284,60,12,494,100,-87,284,555,60,59,0,282,2864330
fd00::202:2:2:2,18,0,0,8,2874802,272,285,60,12,154,100,-87,285,557,60,28,0,112,2874830
fd00::202:2:2:2,18,0,0,8,2885333,273,286,60,12,304,100,-87,286,559,60,67,0,432,2885400
fd00::202:2:2:2,18,0,0,8,2895866,274,287,60,12,244,100,-87,287,561,60,34,0,192,2895900
fd00::202:2:2:2,18,0,0,8,2906395,275,288,60,12,184,100,-87,288,563,60,75,0,267,2906470
fd00::202:2:2:2,18,0,0,8,2916926,276,289,60,12,194,100,-87,289,565,60,44,0,132,2916970
fd00::202:2:2:2,18,0,0,8,2927459,277,290,60,12,554,100,-87,290,567,60,11,0,312,2927470
fd00::202:2:2:2,18,0,0,8,2937990,278,291,60,12,214,100,-87,291,569,60,50,0,142,2938040
fd00::202:2:2:2,18,0,0,8,2948519,279,292,60,12,504,100,-87,292,571,60,21,0,322,2948540
fd00::202:2:2:2,18,0,0,8,2959050,280,293,60,12,164,100,-87,293,573,60,60,0,117,2959110
fd00::202:2:2:2,18,0,0,8,2969583,281,294,60,12,174,100,-87,294,575,60,27,0,332,2969610
fd00::202:2:2:2,18,0,0,8,2980114,282,295,60,12,184,100,-87,296,577,60,696,0,127,2980810
fd00::202:2:2:2,18,0,0,8,2990643,283,297,60,12,204,100,-87,297,580,60,2837,0,1712,2993480
fd00::202:2:2:2,18,0,0,8,3001174,284,298,60,12,214,100,-87,298,582,60,1336,0,1227,3002510
fd00::202:2:2:2,18,0,0,8,3011705,285,299,60,12,1345,100,-87,299,584,60,45,0,707,3011750
fd00::202:2:2:2,18,0,0,8,3022236,286,300,60,12,304,100,-87,300,586,60,14,0,187,3022250
fd00::202:2:2:2,18,0,0,8,3032767,287,301,60,12,174,100,-87,301,588,60,53,0,122,3032820
fd00::202:2:2:2,18,0,0,8,3043298,288,302,60,12,674,100,-87,302,590,60,162,0,477,3043460
fd00::202:2:2:2,18,0,0,8,3053829,289,303,60,12,194,100,-87,303,592,60,61,0,202,3053890
fd00::202:2:2:2,18,0,0,8,3064360,290,304,60,12,134,100,-87,304,594,60,30,0,242,3064390
fd00::202:2:2:2,18,0,0,8,3074893,291,305,60,12,284,100,-87,305,596,60,67,0,387,3074960
fd00::202:2:2:2,18,0,0,8,3085422,292,306,60,12,294,100,-87,306,598,60,38,0,357,3085460
fd00::202:2:2:2,18,0,0,8,3095953,293,307,60,12,374,100,-87,307,600,60,7,0,957,3095960
fd00::202:2:2:2,18,0,0,8,3106484,294,308,60,12,874,100,-87,308,602,60,46,0,682,3106530
fd00::202:2:2:2,18,0,0,8,3117017,295,309,60,12,254,100,-87,309,604,60,83,0,267,3117100
fd00::202:2:2:2,18,0,0,8,3127548,296,310,60,12,404,100,-87,310,606,60,52,0,377,3127600
fd00::202:2:2:2,18,0,0,8,3138077,297,311,60,12,204,100,-87,311,608,60,23,0,242,3138100
fd00::202:2:2:2,18,0,0,8,3148610,298,312,60,12,284,100,-87,312,610,60,60,0,317,3148670
fd00::202:2:2:2,18,0,0,8,3159141,299,313,60,12,154,100,-87,313,612,60,29,0,217,3159170
fd00::202:2:2:2,18,0,0,8,3169672,300,314,60,12,94,100,-87,314,614,60,68,0,257,3169740
fd00::202:2:2:2,18,0,0,8,3180201,301,316,60,12,184,100,-87,316,617,60,669,0,407,3180870
fd00::202:2:2:2,18,0,0,8,3190732,302,317,60,12,404,100,-87,317,619,60,288,0,342,3191020
fd00::202:2:2:2,18,0,0,8,3201263,303,318,60,12,204,100,-87,318,621,60,47,0,137,3201310
fd00::202:2:2:2,18,0,0,8,3211794,304,319,60,12,284,100,-87,319,623,60,16,0,562,3211810
fd00::202:2:2:2,18,0,0,8,3222325,305,320,60,12,224,100,-87,320,625,60,55,0,147,3222380
fd00::202:2:2:2,18,0,0,8,3232856,306,321,60,12,234,100,-87,321,627,60,24,0,327,3232880
fd00::202:2:2:2,18,0,0,8,3243389,307,322,60,12,244,100,-87,322,629,60,61,0,297,3243450
fd00::202:2:2:2,18,0,0,8,3253918,308,323,60,12,394,100,-87,323,631,60,32,0,232,3253950
fd00::202:2:2:2,18,0,0,8,3264449,309,324,60,12,194,100,-87,324,633,60,1821,0,482,3266270
fd00::202:2:2:2,18,0,0,8,3274980,310,325,60,12,204,100,-87,325,635,60,40,0,487,3275020
fd00::202:2:2:2,18,0,0,8,3285511,311,326,60,12,354,100,-87,326,637,60,9,0,282,3285520
fd00::202:2:2:2,18,0,0,8,3296042,312,327,60,12,224,100,-87,327,639,60,48,0,322,3296090
fd00::202:2:2:2,18,0,0,8,3306573,313,328,60,12,374,100,-87,328,641,60,17,0,257,3306590
fd00::202:2:2:2,18,0,0,8,3317106,314,329,60,12,244,100,-87,329,643,60,54,0,437,3317160
fd00::202:2:2:2,18,0,0,8,3327637,315,330,60,12,394,100,-87,330,645,60,23,0,302,3327660
fd00::202:2:2:2,18,0,0,8,3338166,316,331,60,12,334,100,-87,331,647,60,64,0,237,3338230
fd00::202:2:2:2,18,0,0,8,3348697,317,332,60,12,204,100,-87,332,649,60,33,0,277,3348730
fd00::202:2:2:2,18,0,0,8,3359231,318,333,60,12,354,100,-87,333,651,60,69,0,282,3359300
fd00::202:2:2:2,18,0,0,8,3369761,319,334,60,12,364,100,-87,334,653,60,39,0,357,3369800
fd00::202:2:2:2,18,0,0,8,3380292,320,335,60,12,374,100,-87,336,655,60,148,0,537,3380440
fd00::202:2:2:2,18,0,0,8,3390821,321,337,60,12,324,100,-87,337,658,60,49,0,232,3390870
fd00::202:2:2:2,18,0,0,8,3401352,322,338,60,12,194,100,-87,338,660,60,18,0,307,3401370
fd00::202:2:2:2,18,0,0,8,3411883,323,339,60,12,204,100,-87,339,662,60,57,0,382,3411940
fd00::202:2:2:2,18,0,0,8,3422414,324,340,60,12,284,100,-87,340,664,60,26,0,492,3422440
fd00::202:2:2:2,18,0,0,8,3432945,325,341,60,12,1274,100,-87,341,666,60,65,0,917,3433010
fd00::202:2:2:2,18,0,0,8,3443476,326,342,60,12,374,100,-87,342,668,60,34,0,712,3443510
fd00::202:2:2:2,18,0,0,8,3454009,327,343,60,12,104,100,-87,343,670,60,71,0,647,3454080
fd00::202:2:2:2,18,0,0,8,3464538,328,344,60,12,184,100,-87,344,672,60,42,0,267,3464580
fd00::202:2:2:2,18,0,0,8,3475067,329,345,60,12,334,100,-87,345,674,60,13,0,342,3475080
fd00::202:2:2:2,18,0,0,8,3485602,330,346,60,12,204,100,-87,346,676,60,48,0,242,3485650
fd00::202:2:2:2,18,0,0,8,3496129,331,347,60,12,354,100,-87,347,678,60,21,0,282,3496150
fd00::202:2:2:2,18,0,0,8,3506662,332,348,60,12,224,100,-87,348,680,60,58,0,392,3506720
fd00::202:2:2:2,18,0,0,8,3517191,333,349,60,12,654,100,-87,349,682,60,29,0,607,3517220
fd00::202:2:2:2,18,0,0,8,3527722,334,350,60,12,384,100,-87,350,684,60,68,0,332,3527790
fd00::202:2:2:2,18,0,0,8,3538253,335,351,60,12,394,100,-87,351,686,60,37,0,372,3538290
fd00::202:2:2:2,18,0,0,8,3548784,336,352,60,12,404,100,-87,352,688,60,76,0,307,3548860
fd00::202:2:2:2,18,0,0,8,3559319,337,353,60,12,204,100,-87,353,690,60,41,0,522,3559360
fd00::202:2:2:2,18,0,0,8,3569848,338,354,60,12,424,100,-87,354,692,60,12,0,387,3569860
fd00::202:2:2:2,18,0,0,8,3580379,339,356,60,12,164,100,-87,356,695,60,191,0,257,3580570
fd00::202:2:2:2,18,0,0,8,3590910,340,357,60,12,314,100,-87,357,697,60,300,0,402,3591210
fd00::203:3:3:3,36,0,0,17,21030,1,0,60,0,0,0,0,0,1,60,40,0,0,21070
fd00::203:3:3:3,18,0,0,8,31294,2,1,60,12,44,100,-87,1,3,60,66,0,127,31360
fd00::203:3:3:3,18,0,0,8,41560,3,2,60,12,54,100,-87,2,5,60,20,0,97,41580
fd00::203:3:3:3,18,0,0,8,51822,4,3,60,12,64,100,-87,3,7,60,48,0,382,51870
fd00::203:3:3:3,18,0,0,8,62086,5,4,60,12,74,100,-87,4,9,60,74,0,107,62160
fd00::203:3:3:3,18,0,0,8,72350,6,5,60,12,294,100,-87,5,11,60,30,0,182,72380
fd00::203:3:3:3,18,0,0,8,82616,7,6,60,12,24,100,-87,6,13,60,54,0,187,82670
fd00::203:3:3:3,18,0,0,8,92878,8,7,60,12,34,100,-87,7,15,60,12,0,122,92890
fd00::203:3:3:3,18,0,0,8,103142,9,8,60,12,254,100,-87,8,17,60,38,0,162,103180
fd00::203:3:3:3,18,0,0,8,113406,10,9,60,12,53,100,-87,9,19,60,64,0,166,113470
fd00::203:3:3:3,18,0,0,8,123672,11,10,60,12,64,100,-87,10,21,60,18,0,172,123690
fd00::203:3:3:3,18,0,0,8,133934,12,11,60,12,74,100,-87,11,23,60,46,0,107,133980
fd00::203:3:3:3,18,0,0,8,144199,13,12,60,12,14,100,-87,12,25,60,71,0,182,144270
fd00::203:3:3:3,18,0,0,8,154464,14,13,60,12,24,100,-87,13,27,60,26,0,187,154490
fd00::203:3:3:3,18,0,0,8,164726,15,14,60,12,34,100,-87,14,29,60,54,0,122,164780
fd00::203:3:3:3,18,0,0,8,174990,16,15,60,12,44,100,-87,15,31,60,10,0,407,175000
fd00::203:3:3:3,18,0,0,8,185256,17,16,60,12,54,100,-87,16,33,60,34,0,167,185290
fd00::203:3:3:3,18,0,0,8,195520,18,17,60,12,64,100,-87,17,35,60,60,0,102,195580
fd00::203:3:3:3,18,0,0,8,205782,19,18,60,12,74,100,-87,18,37,60,18,0,212,205800
fd00::203:3:3:3,18,0,0,8,216046,20,19,60,12,14,100,-87,19,39,60,44,0,322,216090
fd00::203:3:3:3,18,0,0,8,226310,21,20,60,12,24,100,-87,20,41,60,70,0,187,226380
fd00::203:3:3:3,18,0,0,8,236574,22,21,60,12,34,100,-87,21,43,60,26,0,1522,236600
fd00::203:3:3:3,18,0,0,8,246838,23,22,60,12,44,100,-87,22,45,60,52,0,92,246890
fd00::203:3:3:3,18,0,0,8,257102,24,23,60,12,54,100,-87,23,47,60,8,0,482,257110
fd00::203:3:3:3,18,0,0,8,267366,25,24,60,12,64,100,-87,24,49,60,34,0,172,267400
fd00::203:3:3:3,18,0,0,8,277632,26,25,60,12,74,100,-87,25,51,60,58,0,212,277690
fd00::203:3:3:3,18,0,0,8,287894,27,26,60,12,14,100,-87,26,53,60,16,0,182,287910
fd00::203:3:3:3,18,0,0,8,298160,28,27,60,12,24,100,-87,27,55,60,40,0,292,298200
fd00::203:3:3:3,18,0,0,8,308422,29,28,60,12,34,100,-87,28,57,60,68,0,332,308490
fd00::203:3:3:3,18,0,0,8,318686,30,29,60,12,254,100,-87,29,59,60,24,0,162,318710
fd00::203:3:3:3,18,0,0,8,328952,31,30,60,12,54,100,-87,30,61,60,48,0,482,329000
fd00::203:3:3:3,18,0,0,8,339216,32,31,60,12,64,100,-87,31,63,60,4,0,172,339220
fd00::203:3:3:3,18,0,0,8,349478,33,32,60,12,354,100,-87,32,65,60,32,0,247,349510
fd00::203:3:3:3,18,0,0,8,359742,34,33,60,12,84,100,-87,33,67,60,58,0,112,359800
fd00::203:3:3:3,18,0,0,8,370008,35,34,60,12,24,100,-87,35,69,60,1762,0,432,371770
fd00::203:3:3:3,18,0,0,8,380270,36,36,60,12,44,100,-87,36,72,60,1300,0,757,381570
fd00::203:3:3:3,18,0,0,8,390534,37,37,60,12,54,100,-87,37,74,60,1256,0,867,391790
fd00::203:3:3:3,18,0,0,8,400798,38,38,60,12,414,100,-87,38,76,60,22,0,242,400820
fd00::203:3:3:3,18,0,0,8,411062,39,39,60,12,74,100,-87,39,78,60,48,0,282,411110
fd00::203:3:3:3,18,0,0,8,421328,40,40,60,12,14,100,-87,40,80,60,72,0,77,421400
fd00::203:3:3:3,18,0,0,8,431590,41,41,60,12,24,100,-87,41,82,60,310,0,117,431900
fd00::203:3:3:3,18,0,0,8,441854,42,42,60,12,34,100,-87,42,84,60,56,0,87,441910
fd00::203:3:3:3,18,0,0,8,452118,43,43,60,12,44,100,-87,43,86,60,12,0,92,452130
fd00::203:3:3:3,18,0,0,8,462382,44,44,60,12,54,100,-87,44,88,60,38,0,832,462420
fd00::203:3:3:3,18,0,0,8,472646,45,45,60,12,64,100,-87,45,90,60,204,0,1397,472850
fd00::203:3:3:3,18,0,0,8,482910,46,46,60,12,74,100,-87,46,92,60,20,0,807,482930
fd00::203:3:3:3,18,0,0,8,493174,47,47,60,12,14,100,-87,47,94,60,46,0,952,493220
fd00::203:3:3:3,18,0,0,8,503441,48,48,60,12,24,100,-87,48,96,60,69,0,82,503510
fd00::203:3:3:3,18,0,0,8,513702,49,49,60,12,34,100,-87,49,98,60,28,0,227,513730
fd00::203:3:3:3,18,0,0,8,523966,50,50,60,12,44,100,-87,50,100,60,54,0,1212,524020
fd00::203:3:3:3,18,0,0,8,534230,51,51,60,12,54,100,-87,51,102,60,10,0,832,534240
fd00::203:3:3:3,18,0,0,8,544496,52,52,60,12,64,100,-87,52,104,60,34,0,242,544530
fd00::203:3:3:3,18,0,0,8,554758,53,53,60,12,74,100,-87,53,106,60,62,0,177,554820
fd00::203:3:3:3,18,0,0,8,565022,54,54,60,12,14,100,-87,54,108,60,18,0,742,565040
fd00::203:3:3:3,18,0,0,8,575288,55,55,60,12,654,100,-87,55,110,60,42,0,502,575330
fd00::203:3:3:3,18,0,0,8,585550,56,56,60,12,34,100,-87,56,112,60,70,0,437,585620
fd00::203:3:3:3,18,0,0,8,595814,57,57,60,12,44,100,-87,57,114,60,26,0,232,595840
fd00::203:3:3:3,18,0,0,8,606078,58,58,60,12,54,100,-87,58,116,60,52,0,237,606130
fd00::203:3:3:3,18,0,0,8,616344,59,59,60,12,64,100,-87,59,118,60,6,0,767,616350
fd00::203:3:3:3,18,0,0,8,626606,60,60,60,12,74,100,-87,60,120,60,34,0,422,626640
fd00::203:3:3:3,18,0,0,8,636870,61,61,60,12,14,100,-87,61,122,60,60,0,182,636930
fd00::203:3:3:3,18,0,0,8,647136,62,62,60,12,24,100,-87,62,124,60,14,0,397,647150
fd00::203:3:3:3,18,0,0,8,657398,63,63,60,12,34,100,-87,63,126,60,42,0,367,657440
fd00::203:3:3:3,18,0,0,8,667662,64,64,60,12,44,100,-87,64,128,60,68,0,372,667730
fd00::203:3:3:3,18,0,0,8,677928,65,65,60,12,54,100,-87,65,130,60,22,0,167,677950
fd00::203:3:3:3,18,0,0,8,688192,66,66,60,12,64,100,-87,66,132,60,48,0,172,688240
fd00::203:3:3:3,18,0,0,8,698456,67,67,60,12,74,100,-87,67,134,60,4,0,562,698460
fd00::203:3:3:3,18,0,0,8,708716,68,68,60,12,14,100,-87,68,136,60,34,0,182,708750
fd00::203:3:3:3,18,0,0,8,718984,69,69,60,12,305,100,-87,69,138,60,56,0,292,719040
fd00::203:3:3:3,18,0,0,8,729248,70,70,60,12,34,100,-87,70,140,60,12,0,402,729260
fd00::203:3:3:3,18,0,0,8,739510,71,71,60,12,44,100,-87,71,142,60,40,0,127,739550
fd00::203:3:3:3,18,0,0,8,749776,72,72,60,12,54,100,-87,72,144,60,64,0,237,749840
fd00::203:3:3:3,18,0,0,8,760038,73,73,60,12,64,100,-87,74,146,60,302,0,347,760340
fd00::203:3:3:3,18,0,0,8,770302,74,75,60,12,14,100,-87,75,149,60,678,0,462,770980
fd00::203:3:3:3,18,0,0,8,780566,75,76,60,12,24,100,-87,76,151,60,144,0,222,780710
fd00::203:3:3:3,18,0,0,8,790830,76,77,60,12,104,100,-87,77,153,60,1360,0,1067,792190
fd00::203:3:3:3,18,0,0,8,801094,77,78,60,12,44,100,-87,78,155,60,56,0,92,801150
fd00::203:3:3:3,18,0,0,8,811358,78,79,60,12,54,100,-87,79,157,60,12,0,132,811370
fd00::203:3:3:3,18,0,0,8,821622,79,80,60,12,64,100,-87,80,159,60,38,0,172,821660
fd00::203:3:3:3,18,0,0,8,831886,80,81,60,12,74,100,-87,81,161,60,64,0,107,831950
fd00::203:3:3:3,18,0,0,8,842150,81,82,60,12,14,100,-87,82,163,60,20,0,147,842170
fd00::203:3:3:3,18,0,0,8,852414,82,83,60,12,24,100,-87,83,165,60,46,0,222,852460
fd00::203:3:3:3,18,0,0,8,862679,83,84,60,12,34,100,-87,84,167,60,71,0,472,862750
fd00::203:3:3:3,18,0,0,8,872942,84,85,60,12,44,100,-87,85,169,60,28,0,92,872970
fd00::203:3:3:3,18,0,0,8,883206,85,86,60,12,54,100,-87,86,171,60,54,0,447,883260
fd00::203:3:3:3,18,0,0,8,893470,86,87,60,12,64,100,-87,87,173,60,10,0,207,893480
fd00::203:3:3:3,18,0,0,8,903734,87,88,60,12,74,100,-87,88,175,60,176,0,107,903910
fd00::203:3:3:3,18,0,0,8,914000,88,89,60,12,14,100,-87,89,177,60,60,0,112,914060
fd00::203:3:3:3,18,0,0,8,924264,89,90,60,12,24,100,-87,90,179,60,16,0,1097,924280
fd00::203:3:3:3,18,0,0,8,934526,90,91,60,12,34,100,-87,91,181,60,44,0,192,934570
fd00::203:3:3:3,18,0,0,8,944790,91,92,60,12,44,100,-87,92,183,60,70,0,337,944860
fd00::203:3:3:3,18,0,0,8,955056,92,93,60,12,55,100,-87,93,185,60,24,0,97,955080
fd00::203:3:3:3,18,0,0,8,965318,93,94,60,12,64,100,-87,94,187,60,52,0,172,965370
fd00::203:3:3:3,18,0,0,8,975582,94,95,60,12,74,100,-87,95,189,60,8,0,562,975590
fd00::203:3:3:3,18,0,0,8,985848,95,96,60,12,14,100,-87,96,191,60,32,0,112,985880
fd00::203:3:3:3,18,0,0,8,996110,96,97,60,12,24,100,-87,97,193,60,60,0,222,996170
fd00::203:3:3:3,18,0,0,8,1006376,97,98,60,12,34,100,-87,98,195,60,14,0,367,1006390
fd00::203:3:3:3,18,0,0,8,1016640,98,99,60,12,44,100,-87,99,197,60,40,0,232,1016680
fd00::203:3:3:3,18,0,0,8,1026904,99,100,60,12,54,100,-87,100,199,60,276,0,132,1027180
fd00::203:3:3:3,18,0,0,8,1037166,100,101,60,12,64,100,-87,101,201,60,24,0,137,1037190
fd00::203:3:3:3,18,0,0,8,1047430,101,102,60,12,74,100,-87,102,203,60,50,0,107,1047480
fd00::203:3:3:3,18,0,0,8,1057696,102,103,60,12,14,100,-87,103,205,60,4,0,322,1057700
fd00::203:3:3:3,18,0,0,8,1067957,103,104,60,12,24,100,-87,104,207,60,803,0,82,1068760
fd00::203:3:3:3,18,0,0,8,1078224,104,105,60,12,35,100,-87,105,209,60,56,0,367,1078280
fd00::203:3:3:3,18,0,0,8,1088486,105,106,60,12,44,100,-87,106,211,60,14,0,372,1088500
fd00::203:3:3:3,18,0,0,8,1098752,106,107,60,12,54,100,-87,107,213,60,38,0,272,1098790
fd00::203:3:3:3,18,0,0,8,1109016,107,108,60,12,64,100,-87,108,215,60,64,0,172,1109080
fd00::203:3:3:3,18,0,0,8,1119276,108,109,60,12,74,100,-87,109,217,60,24,0,177,1119300
fd00::203:3:3:3,18,0,0,8,1129540,109,110,60,12,14,100,-87,110,219,60,50,0,217,1129590
fd00::203:3:3:3,18,0,0,8,1139808,110,111,60,12,24,100,-87,111,221,60,72,0,222,1139880
fd00::203:3:3:3,18,0,0,8,1150070,111,113,60,12,44,100,-87,113,224,60,660,0,337,1150730
fd00::203:3:3:3,18,0,0,8,1160334,112,114,60,12,54,100,-87,114,226,60,616,0,447,1160950
fd00::203:3:3:3,18,0,0,8,1170598,113,115,60,12,64,100,-87,115,228,60,12,0,172,1170610
fd00::203:3:3:3,18,0,0,8,1180862,114,116,60,12,74,100,-87,116,230,60,38,0,352,1180900
fd00::203:3:3:3,18,0,0,8,1191126,115,117,60,12,14,100,-87,117,232,60,554,0,812,1191680
fd00::203:3:3:3,18,0,0,7,1201390,116,118,60,12,24,100,-87,118,234,60,20,0,187,1201410
fd00::203:3:3:3,18,0,0,8,1211654,117,119,60,12,524,100,-87,119,236,60,46,0,612,1211700
fd00::203:3:3:3,18,0,0,8,1221919,118,120,60,12,44,100,-87,120,238,60,71,0,302,1221990
fd00::203:3:3:3,18,0,0,8,1232182,119,121,60,12,54,100,-87,121,240,60,28,0,202,1232210
fd00::203:3:3:3,18,0,0,8,1242446,120,122,60,12,64,100,-87,122,242,60,54,0,487,1242500
fd00::203:3:3:3,18,0,0,8,1252710,121,123,60,12,74,100,-87,123,244,60,10,0,457,1252720
fd00::203:3:3:3,18,0,0,8,1262974,122,124,60,12,14,100,-87,124,246,60,36,0,182,1263010
fd00::203:3:3:3,18,0,0,8,1273238,123,125,60,12,24,100,-87,125,248,60,62,0,152,1273300
fd00::203:3:3:3,18,0,0,7,1283502,124,126,60,12,34,100,-87,126,250,60,18,0,297,1283520
fd00::203:3:3:3,18,0,0,8,1293768,125,127,60,12,44,100,-87,127,252,60,42,0,162,1293810
fd00::203:3:3:3,18,0,0,8,1304030,126,128,60,12,54,100,-87,128,254,60,70,0,657,1304100
fd00::203:3:3:3,18,0,0,8,1314294,127,129,60,12,64,100,-87,129,256,60,26,0,662,1314320
fd00::203:3:3:3,18,0,0,8,1324558,128,130,60,12,74,100,-87,130,258,60,52,0,177,1324610
fd00::203:3:3:3,18,0,0,7,1334824,129,131,60,12,14,100,-87,131,260,60,6,0,287,1334830
fd00::203:3:3:3,18,0,0,8,1345086,130,132,60,12,24,100,-87,132,262,60,34,0,327,1345120
fd00::203:3:3:3,18,0,0,8,1355350,131,133,60,12,34,100,-87,133,264,60,60,0,402,1355410
fd00::203:3:3:3,18,0,0,7,1365616,132,134,60,12,44,100,-87,134,266,60,14,0,407,1365630
fd00::203:3:3:3,18,0,0,8,1375880,133,135,60,12,54,100,-87,135,268,60,40,0,202,1375920
fd00::203:3:3:3,18,0,0,8,1386142,134,136,60,12,64,100,-87,136,270,60,68,0,312,1386210
fd00::203:3:3:3,18,0,0,8,1396408,135,137,60,12,74,100,-87,137,272,60,22,0,387,1396430
fd00::203:3:3:3,18,0,0,8,1406672,136,138,60,12,14,100,-87,138,274,60,48,0,147,1406720
fd00::203:3:3:3,18,0,0,8,1416934,137,139,60,12,24,100,-87,139,276,60,6,0,432,1416940
fd00::203:3:3:3,18,0,0,8,1427198,138,140,60,12,34,100,-87,140,278,60,32,0,507,1427230
fd00::203:3:3:3,18,0,0,8,1437464,139,141,60,12,44,100,-87,141,280,60,56,0,232,1437520
fd00::203:3:3:3,18,0,0,8,1447728,140,142,60,12,124,100,-87,142,282,60,12,0,272,1447740
fd00::203:3:3:3,18,0,0,8,1457990,141,143,60,12,64,100,-87,143,284,60,40,0,102,1458030
fd00::203:3:3:3,18,0,0,8,1468256,142,144,60,12,74,100,-87,144,286,60,64,0,352,1468320
fd00::203:3:3:3,18,0,0,8,1478520,143,145,60,12,14,100,-87,145,288,60,20,0,357,1478540
fd00::203:3:3:3,18,0,0,8,1488782,144,146,60,12,24,100,-87,146,290,60,48,0,362,1488830
fd00::203:3:3:3,18,0,0,8,1499048,145,147,60,12,34,100,-87,147,292,60,72,0,332,1499120
fd00::203:3:3:3,18,0,0,8,1509312,146,148,60,12,44,100,-87,148,294,60,28,0,582,1509340
fd00::203:3:3:3,18,0,0,8,1519574,147,149,60,12,54,100,-87,149,296,60,196,0,202,1519770
fd00::203:3:3:3,18,0,0,8,1529838,148,150,60,12,64,100,-87,150,298,60,12,0,592,1529850
fd00::203:3:3:3,18,0,0,8,1540102,149,152,60,12,14,100,-87,152,301,60,108,0,77,1540210
fd00::203:3:3:3,18,0,0,8,1550366,150,153,60,12,94,100,-87,153,303,60,204,0,187,1550570
fd00::203:3:3:3,18,0,0,8,1560630,151,154,60,12,34,100,-87,154,305,60,160,0,367,1560790
fd00::203:3:3:3,18,0,0,8,1570894,152,155,60,12,44,100,-87,155,307,60,396,0,512,1571290
fd00::203:3:3:3,18,0,0,7,1581159,153,156,60,12,54,100,-87,156,309,60,71,0,202,1581230
fd00::203:3:3:3,18,0,0,8,1591422,154,157,60,12,134,100,-87,157,311,60,98,0,417,1591520
fd00::203:3:3:3,18,0,0,8,1601686,155,158,60,12,144,100,-87,158,313,60,54,0,247,1601740
fd00::203:3:3:3,18,0,0,8,1611950,156,159,60,12,14,100,-87,159,315,60,10,0,357,1611960
fd00::203:3:3:3,18,0,0,8,1622214,157,160,60,12,24,100,-87,160,317,60,36,0,257,1622250
fd00::203:3:3:3,18,0,0,8,1632478,158,161,60,12,104,100,-87,161,319,60,62,0,227,1632540
fd00::203:3:3:3,18,0,0,8,1642742,159,162,60,12,44,100,-87,162,321,60,18,0,477,1642760
fd00::203:3:3:3,18,0,0,8,1653006,160,163,60,12,54,100,-87,163,323,60,44,0,482,1653050
fd00::203:3:3:3,18,0,0,8,1663270,161,164,60,12,134,100,-87,164,325,60,70,0,452,1663340
fd00::203:3:3:3,18,0,0,8,1673534,162,165,60,12,74,100,-87,165,327,60,26,0,527,1673560
fd00::203:3:3:3,18,0,0,8,1683798,163,166,60,12,14,100,-87,166,329,60,52,0,462,1683850
fd00::203:3:3:3,18,0,0,8,1694062,164,167,60,12,24,100,-87,167,331,60,8,0,362,1694070
fd00::203:3:3:3,18,0,0,8,1704326,165,168,60,12,34,100,-87,168,333,60,34,0,647,1704360
fd00::203:3:3:3,18,0,0,8,1714590,166,169,60,12,44,100,-87,169,335,60,60,0,372,1714650
fd00::203:3:3:3,18,0,0,8,1724854,167,170,60,12,54,100,-87,170,337,60,16,0,202,1724870
fd00::203:3:3:3,18,0,0,8,1735118,168,171,60,12,63,100,-87,171,339,60,42,0,171,1735160
fd00::203:3:3:3,18,0,0,8,1745382,169,172,60,12,74,100,-87,172,341,60,68,0,352,1745450
fd00::203:3:3:3,18,0,0,8,1755648,170,173,60,12,14,100,-87,173,343,60,22,0,357,1755670
fd00::203:3:3:3,18,0,0,8,1765910,171,174,60,12,24,100,-87,174,345,60,50,0,327,1765960
fd00::203:3:3:3,18,0,0,8,1776174,172,175,60,12,34,100,-87,175,347,60,6,0,192,1776180
fd00::203:3:3:3,18,0,0,8,1786440,173,176,60,12,44,100,-87,176,349,60,30,0,407,1786470
fd00::203:3:3:3,18,0,0,8,1796702,174,177,60,12,1524,100,-87,177,351,60,58,0,902,1796760
fd00::203:3:3:3,18,0,0,8,1806968,175,178,60,12,64,100,-87,178,353,60,12,0,207,1806980
fd00::203:3:3:3,18,0,0,8,1817232,176,179,60,12,74,100,-87,179,355,60,38,0,177,1817270
fd00::203:3:3:3,18,0,0,8,1827494,177,180,60,12,224,100,-87,180,357,60,66,0,182,1827560
fd00::203:3:3:3,18,0,0,8,1837758,178,181,60,12,24,100,-87,181,359,60,22,0,152,1837780
fd00::203:3:3:3,18,0,0,8,1848024,179,182,60,12,34,100,-87,182,361,60,46,0,332,1848070
fd00::203:3:3:3,18,0,0,8,1858288,180,183,60,12,44,100,-87,183,363,60,72,0,372,1858360
fd00::203:3:3:3,18,0,0,8,1868550,181,184,60,12,54,100,-87,184,365,60,30,0,167,1868580
fd00::203:3:3:3,18,0,0,8,1878814,182,185,60,12,64,100,-87,185,367,60,56,0,2237,1878870
fd00::203:3:3:3,18,0,0,8,1889080,183,186,60,12,74,100,-87,186,369,60,10,0,877,1889090
fd00::203:3:3:3,18,0,0,8,1899342,184,187,60,12,14,100,-87,187,371,60,38,0,427,1899380
fd00::203:3:3:3,18,0,0,8,1909606,185,188,60,12,24,100,-87,188,373,60,64,0,432,1909670
fd00::203:3:3:3,18,0,0,8,1919872,186,189,60,12,34,100,-87,189,375,60,18,0,122,1919890
fd00::203:3:3:3,18,0,0,8,1930134,187,191,60,12,54,100,-87,191,378,60,676,0,342,1930810
fd00::203:3:3:3,18,0,0,8,1940398,188,192,60,12,64,100,-87,192,380,60,492,0,347,1940890
fd00::203:3:3:3,18,0,0,8,1950662,189,193,60,12,284,100,-87,193,382,60,28,0,247,1950690
fd00::203:3:3:3,18,0,0,8,1960926,190,194,60,12,14,100,-87,194,384,60,54,0,182,1960980
fd00::203:3:3:3,18,0,0,8,1971190,191,195,60,12,24,100,-87,195,386,60,10,0,327,1971200
fd00::203:3:3:3,18,0,0,8,1981454,192,196,60,12,34,100,-87,196,388,60,36,0,682,1981490
fd00::203:3:3:3,18,0,0,8,1991718,193,197,60,12,44,100,-87,197,390,60,62,0,267,1991780
fd00::203:3:3:3,18,0,0,8,2001982,194,198,60,12,54,100,-87,198,392,60,18,0,587,2002000
fd00::203:3:3:3,18,0,0,8,2012246,195,199,60,12,64,100,-87,199,394,60,44,0,907,2012290
fd00::203:3:3:3,18,0,0,8,2022510,196,200,60,12,74,100,-87,200,396,60,70,0,877,2022580
fd00::203:3:3:3,18,0,0,8,2032774,197,201,60,12,14,100,-87,201,398,60,26,0,252,2032800
fd00::203:3:3:3,18,0,0,8,2043038,198,202,60,12,24,100,-87,202,400,60,52,0,257,2043090
fd00::203:3:3:3,18,0,0,8,2053302,199,203,60,12,34,100,-87,203,402,60,8,0,717,2053310
fd00::203:3:3:3,18,0,0,8,2063566,200,204,60,12,44,100,-87,204,404,60,34,0,967,2063600
fd00::203:3:3:3,18,0,0,8,2073832,201,205,60,12,54,100,-87,205,406,60,58,0,272,2073890
fd00::203:3:3:3,18,0,0,8,2084094,202,206,60,12,64,100,-87,206,408,60,16,0,662,2084110
fd00::203:3:3:3,18,0,0,8,2094358,203,207,60,12,74,100,-87,207,410,60,42,0,457,2094400
fd00::203:3:3:3,18,0,0,8,2104622,204,208,60,12,14,100,-87,208,412,60,68,0,742,2104690
fd00::203:3:3:3,18,0,0,8,2114888,205,209,60,12,24,100,-87,209,414,60,22,0,257,2114910
fd00::203:3:3:3,18,0,0,8,2125150,206,210,60,12,34,100,-87,210,416,60,50,0,367,2125200
fd00::203:3:3:3,18,0,0,8,2135412,207,211,60,12,44,100,-87,211,418,60,8,0,197,2135420
fd00::203:3:3:3,18,0,0,8,2145678,208,212,60,12,54,100,-87,212,420,60,312,0,237,2145990
fd00::203:3:3:3,18,0,0,8,2155944,209,213,60,12,64,100,-87,213,422,60,56,0,242,2156000
fd00::203:3:3:3,18,0,0,8,2166208,210,214,60,12,74,100,-87,214,424,60,12,0,177,2166220
fd00::203:3:3:3,18,0,0,8,2176470,211,215,60,12,14,100,-87,215,426,60,40,0,77,2176510
fd00::203:3:3:3,18,0,0,8,2186734,212,216,60,12,24,100,-87,216,428,60,136,0,117,2186870
fd00::203:3:3:3,18,0,0,8,2196998,213,217,60,12,34,100,-87,217,430,60,22,0,262,2197020
fd00::203:3:3:3,18,0,0,8,2207264,214,218,60,12,44,100,-87,218,432,60,46,0,127,2207310
fd00::203:3:3:3,18,0,0,8,2217528,215,219,60,12,54,100,-87,219,434,60,72,0,132,2217600
fd00::203:3:3:3,18,0,0,8,2227790,216,220,60,12,64,100,-87,220,436,60,30,0,172,2227820
fd00::203:3:3:3,18,0,0,8,2238054,217,221,60,12,74,100,-87,221,438,60,56,0,142,2238110
fd00::203:3:3:3,18,0,0,8,2248320,218,222,60,12,14,100,-87,222,440,60,10,0,217,2248330
fd00::203:3:3:3,18,0,0,8,2258582,219,223,60,12,24,100,-87,223,442,60,38,0,82,2258620
fd00::203:3:3:3,18,0,0,8,2268846,220,224,60,12,34,100,-87,224,444,60,64,0,262,2268910
fd00::203:3:3:3,18,0,0,8,2279110,221,225,60,12,44,100,-87,225,446,60,20,0,862,2279130
fd00::203:3:3:3,18,0,0,8,2289374,222,226,60,12,124,100,-87,226,448,60,46,0,2057,2289420
fd00::203:3:3:3,18,0,0,8,2299639,223,227,60,12,64,100,-87,227,450,60,71,0,837,2299710
fd00::203:3:3:3,18,0,0,8,2309902,224,228,60,12,74,100,-87,228,452,60,28,0,457,2309930
fd00::203:3:3:3,18,0,0,8,2320166,225,230,60,12,24,100,-87,230,455,60,1454,0,782,2321620
fd00::203:3:3:3,18,0,0,8,2330430,226,231,60,12,34,100,-87,231,457,60,990,0,682,2331420
fd00::203:3:3:3,18,0,0,8,2340694,227,232,60,12,44,100,-87,232,459,60,106,0,372,2340800
fd00::203:3:3:3,18,0,0,8,2350958,228,233,60,12,54,100,-87,233,461,60,62,0,132,2351020
fd00::203:3:3:3,18,0,0,8,2361222,229,234,60,12,64,100,-87,234,463,60,18,0,207,2361240
fd00::203:3:3:3,18,0,0,8,2371486,230,235,60,12,74,100,-87,235,465,60,44,0,142,2371530
fd00::203:3:3:3,18,0,0,8,2381750,231,236,60,12,15,100,-87,236,467,60,70,0,322,2381820
fd00::203:3:3:3,18,0,0,8,2392014,232,237,60,12,24,100,-87,237,469,60,26,0,82,2392040
fd00::203:3:3:3,18,0,0,8,2402278,233,238,60,12,34,100,-87,238,471,60,52,0,87,2402330
fd00::203:3:3:3,18,0,0,8,2412542,234,239,60,12,44,100,-87,239,473,60,8,0,267,2412550
fd00::203:3:3:3,18,0,0,8,2422806,235,240,60,12,54,100,-87,240,475,60,34,0,412,2422840
fd00::203:3:3:3,18,0,0,8,2433070,236,241,60,12,64,100,-87,241,477,60,60,0,1467,2433130
fd00::203:3:3:3,18,0,0,8,2443336,237,242,60,12,74,100,-87,242,479,60,14,0,282,2443350
fd00::203:3:3:3,18,0,0,8,2453598,238,243,60,12,14,100,-87,243,481,60,42,0,147,2453640
fd00::203:3:3:3,18,0,0,8,2463862,239,244,60,12,24,100,-87,244,483,60,68,0,292,2463930
fd00::203:3:3:3,18,0,0,8,2474126,240,245,60,12,34,100,-87,245,485,60,24,0,367,2474150
fd00::203:3:3:3,18,0,0,8,2484392,241,246,60,12,44,100,-87,246,487,60,48,0,92,2484440
fd00::203:3:3:3,18,0,0,8,2494656,242,247,60,12,54,100,-87,247,489,60,74,0,132,2494730
fd00::203:3:3:3,18,0,0,8,2504918,243,248,60,12,64,100,-87,248,491,60,32,0,102,2504950
fd00::203:3:3:3,18,0,0,8,2515182,244,249,60,12,144,100,-87,249,493,60,58,0,387,2515240
fd00::203:3:3:3,18,0,0,8,2525448,245,250,60,12,14,100,-87,250,495,60,12,0,182,2525460
fd00::203:3:3:3,18,0,0,8,2535710,246,251,60,12,24,100,-87,251,497,60,40,0,152,2535750
fd00::203:3:3:3,18,0,0,8,2545974,247,252,60,12,34,100,-87,252,499,60,66,0,157,2546040
fd00::203:3:3:3,18,0,0,8,2556238,248,253,60,12,43,100,-87,253,501,60,22,0,126,2556260
fd00::203:3:3:3,18,0,0,8,2566504,249,254,60,12,54,100,-87,254,503,60,46,0,622,2566550
fd00::203:3:3:3,18,0,0,8,2576766,250,255,60,12,64,100,-87,255,505,60,74,0,207,2576840
fd00::203:3:3:3,18,0,0,8,2587032,251,256,60,12,74,100,-87,256,507,60,28,0,667,2587060
fd00::203:3:3:3,18,0,0,8,2597294,252,257,60,12,14,100,-87,257,509,60,56,0,777,2597350
fd00::203:3:3:3,18,0,0,8,2607558,253,258,60,12,24,100,-87,258,511,60,12,0,502,2607570
fd00::203:3:3:3,18,0,0,8,2617824,254,259,60,12,34,100,-87,259,513,60,36,0,122,2617860
fd00::203:3:3:3,18,0,0,8,2628088,255,260,60,12,44,100,-87,260,515,60,62,0,1982,2628150
fd00::203:3:3:3,18,0,0,8,2638350,256,261,60,12,54,100,-87,261,517,60,20,0,622,2638370
fd00::203:3:3:3,18,0,0,8,2648616,257,262,60,12,64,100,-87,262,519,60,44,0,102,2648660
fd00::203:3:3:3,18,0,0,8,2658881,258,263,60,12,74,100,-87,263,521,60,69,0,597,2658950
fd00::203:3:3:3,18,0,0,8,2669144,259,264,60,12,14,100,-87,264,523,60,26,0,1547,2669170
fd00::203:3:3:3,18,0,0,8,2679406,260,265,60,12,24,100,-87,265,525,60,54,0,152,2679460
fd00::203:3:3:3,18,0,0,8,2689670,261,266,60,12,34,100,-87,266,527,60,10,0,192,2689680
fd00::203:3:3:3,18,0,0,8,2699934,262,267,60,12,44,100,-87,267,529,60,36,0,92,2699970
fd00::203:3:3:3,18,0,0,8,2710198,263,269,60,12,64,100,-87,269,532,60,482,0,312,2710680
fd00::203:3:3:3,18,0,0,8,2720462,264,270,60,12,74,100,-87,270,534,60,998,0,702,2721460
fd00::203:3:3:3,18,0,0,8,2730726,265,271,60,12,14,100,-87,271,536,60,954,0,812,2731680
fd00::203:3:3:3,18,0,0,8,2740990,266,272,60,12,24,100,-87,272,538,60,350,0,152,2741340
fd00::203:3:3:3,18,0,0,8,2751254,267,273,60,12,34,100,-87,273,540,60,26,0,192,2751280
fd00::203:3:3:3,18,0,0,8,2761518,268,274,60,12,44,100,-87,274,542,60,52,0,547,2761570
fd00::203:3:3:3,18,0,0,8,2771782,269,275,60,12,54,100,-87,275,544,60,8,0,412,2771790
fd00::203:3:3:3,18,0,0,8,2782046,270,276,60,12,904,100,-87,276,546,60,34,0,662,2782080
fd00::203:3:3:3,18,0,0,8,2792310,271,277,60,12,74,100,-87,277,548,60,60,0,212,2792370
fd00::203:3:3:3,18,0,0,8,2802574,272,278,60,12,14,100,-87,278,550,60,16,0,217,2802590
fd00::203:3:3:3,18,0,0,8,2812838,273,279,60,12,24,100,-87,279,552,60,42,0,292,2812880
fd00::203:3:3:3,18,0,0,8,2823102,274,280,60,12,34,100,-87,280,554,60,68,0,192,2823170
fd00::203:3:3:3,18,0,0,8,2833368,275,281,60,12,44,100,-87,281,556,60,22,0,162,2833390
fd00::203:3:3:3,18,0,0,8,2843630,276,282,60,12,54,100,-87,282,558,60,50,0,202,2843680
fd00::203:3:3:3,18,0,0,8,2853894,277,283,60,12,64,100,-87,283,560,60,6,0,347,2853900
fd00::203:3:3:3,18,0,0,8,2864158,278,284,60,12,74,100,-87,284,562,60,32,0,142,2864190
fd00::203:3:3:3,18,0,0,8,2874422,279,285,60,12,14,100,-87,285,564,60,58,0,182,2874480
fd00::203:3:3:3,18,0,0,8,2884686,280,286,60,12,24,100,-87,286,566,60,14,0,467,2884700
fd00::203:3:3:3,18,0,0,8,2894952,281,287,60,12,34,100,-87,287,568,60,248,0,507,2895200
fd00::203:3:3:3,18,0,0,8,2905214,282,288,60,12,44,100,-87,288,570,60,66,0,302,2905280
fd00::203:3:3:3,18,0,0,8,2915478,283,289,60,12,54,100,-87,289,572,60,22,0,202,2915500
fd00::203:3:3:3,18,0,0,8,2925744,284,290,60,12,64,100,-87,290,574,60,46,0,452,2925790
fd00::203:3:3:3,18,0,0,8,2936008,285,291,60,12,74,100,-87,291,576,60,72,0,422,2936080
fd00::203:3:3:3,18,0,0,8,2946270,286,292,60,12,14,100,-87,292,578,60,30,0,147,2946300
fd00::203:3:3:3,18,0,0,8,2956534,287,293,60,12,24,100,-87,293,580,60,56,0,292,2956590
fd00::203:3:3:3,18,0,0,8,2966800,288,294,60,12,34,100,-87,294,582,60,10,0,752,2966810
fd00::203:3:3:3,18,0,0,8,2977064,289,295,60,12,44,100,-87,295,584,60,106,0,197,2977170
fd00::203:3:3:3,18,0,0,8,2987326,290,296,60,12,54,100,-87,296,586,60,64,0,167,2987390
fd00::203:3:3:3,18,0,0,8,2997590,291,297,60,12,64,100,-87,297,588,60,20,0,697,2997610
fd00::203:3:3:3,18,0,0,8,3007856,292,298,60,12,74,100,-87,298,590,60,44,0,212,3007900
fd00::203:3:3:3,18,0,0,8,3018121,293,299,60,12,15,100,-87,299,592,60,69,0,322,3018190
fd00::203:3:3:3,18,0,0,8,3028382,294,300,60,12,24,100,-87,300,594,60,28,0,712,3028410
fd00::203:3:3:3,18,0,0,8,3038646,295,301,60,12,34,100,-87,301,596,60,54,0,192,3038700
fd00::203:3:3:3,18,0,0,8,3048908,296,302,60,12,44,100,-87,302,598,60,12,0,162,3048920
fd00::203:3:3:3,18,0,0,8,3059176,297,303,60,12,54,100,-87,303,600,60,34,0,342,3059210
fd00::203:3:3:3,18,0,0,8,3069436,298,304,60,12,274,100,-87,304,602,60,64,0,207,3069500
fd00::203:3:3:3,18,0,0,8,3079704,299,305,60,12,74,100,-87,305,604,60,16,0,317,3079720
fd00::203:3:3:3,18,0,0,8,3089968,300,306,60,12,14,100,-87,307,606,60,672,0,77,3090640
fd00::203:3:3:3,18,0,0,8,3100230,301,308,60,12,34,100,-87,308,609,60,70,0,122,3100300
fd00::203:3:3:3,18,0,0,8,3110494,302,309,60,12,44,100,-87,309,611,60,656,0,547,3111150
fd00::203:3:3:3,18,0,0,8,3120758,303,310,60,12,54,100,-87,310,613,60,52,0,167,3120810
fd00::203:3:3:3,18,0,0,8,3131022,304,311,60,12,64,100,-87,311,615,60,8,0,277,3131030
fd00::203:3:3:3,18,0,0,8,3141288,305,312,60,12,74,100,-87,312,617,60,172,0,212,3141460
fd00::203:3:3:3,18,0,0,8,3151550,306,313,60,12,14,100,-87,313,619,60,60,0,357,3151610
fd00::203:3:3:3,18,0,0,8,3161814,307,314,60,12,234,100,-87,314,621,60,16,0,187,3161830
fd00::203:3:3:3,18,0,0,8,3172078,308,315,60,12,34,100,-87,315,623,60,42,0,157,3172120
fd00::203:3:3:3,18,0,0,8,3182342,309,316,60,12,44,100,-87,316,625,60,68,0,722,3182410
fd00::203:3:3:3,18,0,0,8,3192606,310,317,60,12,54,100,-87,317,627,60,24,0,167,3192630
fd00::203:3:3:3,18,0,0,8,3202870,311,318,60,12,64,100,-87,318,629,60,50,0,417,3202920
fd00::203:3:3:3,18,0,0,7,3213136,312,319,60,12,74,100,-87,319,631,60,4,0,247,3213140
fd00::203:3:3:3,18,0,0,8,3223398,313,320,60,12,14,100,-87,320,633,60,32,0,707,3223430
fd00::203:3:3:3,18,0,0,8,3233662,314,321,60,12,24,100,-87,321,635,60,58,0,187,3233720
fd00::203:3:3:3,18,0,0,8,3243928,315,322,60,12,34,100,-87,322,637,60,12,0,192,3243940
fd00::203:3:3:3,18,0,0,8,3254188,316,323,60,12,44,100,-87,323,639,60,42,0,407,3254230
fd00::203:3:3:3,18,0,0,8,3264454,317,324,60,12,54,100,-87,324,641,60,1046,0,342,3265500
fd00::203:3:3:3,18,0,0,7,3274720,318,325,60,12,64,100,-87,325,643,60,20,0,1467,3274740
fd00::203:3:3:3,18,0,0,8,3284982,319,326,60,12,74,100,-87,326,645,60,328,0,247,3285310
fd00::203:3:3:3,18,0,0,8,3295246,320,327,60,12,14,100,-87,327,647,60,74,0,287,3295320
fd00::203:3:3:3,18,0,0,8,3305512,321,328,60,12,24,100,-87,328,649,60,28,0,117,3305540
fd00::203:3:3:3,18,0,0,8,3315776,322,329,60,12,34,100,-87,329,651,60,54,0,87,3315830
fd00::203:3:3:3,18,0,0,8,3326040,323,330,60,12,44,100,-87,330,653,60,10,0,127,3326050
fd00::203:3:3:3,18,0,0,8,3336302,324,331,60,12,54,100,-87,331,655,60,38,0,132,3336340
fd00::203:3:3:3,18,0,0,8,3346566,325,332,60,12,64,100,-87,332,657,60,64,0,697,3346630
fd00::203:3:3:3,18,0,0,8,3356830,326,333,60,12,74,100,-87,333,659,60,20,0,807,3356850
fd00::203:3:3:3,18,0,0,8,3367096,327,334,60,12,14,100,-87,334,661,60,44,0,112,3367140
fd00::203:3:3:3,18,0,0,8,3377361,328,335,60,12,24,100,-87,335,663,60,69,0,432,3377430
fd00::203:3:3:3,18,0,0,8,3387622,329,336,60,12,34,100,-87,336,665,60,28,0,122,3387650
fd00::203:3:3:3,18,0,0,8,3397886,330,337,60,12,44,100,-87,337,667,60,54,0,407,3397940
fd00::203:3:3:3,18,0,0,8,3408150,331,338,60,12,54,100,-87,338,669,60,10,0,482,3408160
fd00::203:3:3:3,18,0,0,8,3418416,332,339,60,12,64,100,-87,339,671,60,34,0,522,3418450
fd00::203:3:3:3,18,0,0,8,3428678,333,340,60,12,74,100,-87,340,673,60,62,0,422,3428740
fd00::203:3:3:3,18,0,0,8,3438942,334,341,60,12,14,100,-87,341,675,60,18,0,427,3438960
fd00::203:3:3:3,18,0,0,8,3449208,335,342,60,12,24,100,-87,342,677,60,42,0,432,3449250
fd00::203:3:3:3,18,0,0,8,3459472,336,343,60,12,734,100,-87,343,679,60,68,0,542,3459540
fd00::203:3:3:3,18,0,0,8,3469734,337,344,60,12,44,100,-87,344,681,60,26,0,372,3469760
fd00::203:3:3:3,18,0,0,8,3480000,338,345,60,12,54,100,-87,346,683,60,330,0,132,3480330
fd00::203:3:3:3,18,0,0,8,3490262,339,347,60,12,74,100,-87,347,686,60,1128,0,667,3491390
fd00::203:3:3:3,18,0,0,8,3500526,340,348,60,12,14,100,-87,348,688,60,34,0,217,3500560
fd00::203:3:3:3,18,0,0,8,3510790,341,349,60,12,24,100,-87,349,690,60,270,0,257,3511060
fd00::203:3:3:3,18,0,0,8,3521054,342,350,60,12,34,100,-87,350,692,60,16,0,157,3521070
fd00::203:3:3:3,18,0,0,8,3531318,343,351,60,12,44,100,-87,351,694,60,42,0,92,3531360
fd00::203:3:3:3,18,0,0,8,3541582,344,352,60,12,54,100,-87,352,696,60,68,0,167,3541650
fd00::203:3:3:3,18,0,0,8,3551846,345,353,60,12,64,100,-87,353,698,60,94,0,312,3551940
fd00::203:3:3:3,18,0,0,8,3562110,346,354,60,12,74,100,-87,354,700,60,50,0,702,3562160
fd00::203:3:3:3,18,0,0,8,3572374,347,355,60,12,14,100,-87,355,702,60,6,0,707,3572380
fd00::203:3:3:3,18,0,0,8,3582638,348,356,60,12,24,100,-87,356,704,60,32,0,152,3582670
fd00::203:3:3:3,18,0,0,8,3592902,349,357,60,12,34,100,-87,357,706,60,58,0,542,3592960
fd00::204:4:4:4,323,0,1,488,358855,2,0,60,0,0,0,0,0,1,60,105,1,0,358960
fd00::204:4:4:4,266,0,1,152,517195,4,12,60,12,1924,100,-50,16,4,60,105,1,1032,517300
fd00::204:4:4:4,19,0,0,8,538309,6,13,60,12,744,100,-44,19,6,60,10561,1,582,548870
fd00::204:4:4:4,19,0,0,8,548863,7,13,60,12,744,100,-44,19,7,60,217,1,582,549080
fd00::204:4:4:4,266,0,1,219,707203,9,24,60,12,433,100,-84,35,8,60,77,1,582,707280
fd00::204:4:4:4,646,0,5,969,1076665,11,47,60,12,1435,100,-84,72,11,60,75,1,787,1076740
fd00::204:4:4:4,19,0,0,8,1097773,13,47,60,12,1435,100,-84,75,12,60,3747,1,787,1101520
fd00::204:4:4:4,19,0,0,8,1108331,14,48,60,12,2024,100,-79,75,14,60,119,1,1082,1108450
fd00::204:4:4:4,19,0,0,8,1118889,15,49,60,12,494,100,-32,76,16,60,131,1,317,1119020
fd00::204:4:4:4,19,0,0,8,1129445,16,50,60,12,574,100,-72,77,18,60,75,1,392,1129520
fd00::204:4:4:4,513,0,1,3198,1425013,18,60,60,12,874,100,-37,107,21,60,117,1,857,1425130
fd00::204:4:4:4,19,0,0,8,1446121,20,60,60,12,874,100,-37,109,22,60,2179,1,857,1448300
fd00::204:4:4:4,19,0,0,8,1456681,21,61,60,12,834,100,-80,110,24,60,89,1,487,1456770
fd00::204:4:4:4,19,0,0,8,1467237,22,62,60,12,984,100,-64,111,26,60,103,1,562,1467340
fd00::204:4:4:4,19,0,0,8,1477791,23,63,60,12,1134,100,-32,112,28,60,119,1,672,1477910
fd00::204:4:4:4,114,0,1,52,1551683,25,68,60,12,514,100,-78,120,30,60,77,1,467,1551760
fd00::204:4:4:4,19,0,0,8,1572793,27,68,60,12,514,100,-78,122,31,60,5497,1,467,1578290
fd00::204:4:4:4,19,0,0,8,1583351,28,69,60,12,614,100,-70,123,33,60,119,1,377,1583470
fd00::204:4:4:4,19,0,0,8,1593907,29,70,60,12,694,100,-50,124,35,60,133,1,487,1594040
fd00::204:4:4:4,19,0,0,8,1604463,30,71,60,12,774,100,-84,125,37,60,77,1,457,1604540
fd00::204:4:4:4,323,0,2,635,1794471,32,82,60,12,2783,100,-61,144,39,60,119,1,1847,1794590
fd00::204:4:4:4,475,0,0,2776,2132263,36,92,60,12,444,100,-61,178,42,60,357,1,302,2132620
fd00::204:4:4:4,19,0,0,8,2185045,39,93,60,12,1124,100,-88,183,44,60,4695,1,632,2189740
fd00::204:4:4:4,19,0,0,8,2417275,41,106,60,12,1864,100,-88,207,47,60,9835,1,8457,2427110
fd00::204:4:4:4,19,0,0,8,2565058,44,115,60,12,794,100,-32,221,48,60,92,1,8457,2565150
fd00::204:4:4:4,19,0,0,8,2575615,45,116,60,12,554,100,-88,222,50,60,105,1,417,2575720
fd00::204:4:4:4,19,0,0,8,2586171,46,117,60,12,774,100,-54,223,52,60,119,1,527,2586290
fd00::204:4:4:4,19,0,0,8,2607283,48,118,60,12,1064,100,-70,226,54,60,6937,1,602,2614220
fd00::204:4:4:4,190,0,0,88,2712843,49,127,60,12,554,100,-72,236,56,60,77,1,452,2712920
fd00::204:4:4:4,19,0,0,8,2733955,51,128,60,12,564,100,-83,239,58,60,11375,1,772,2745330
fd00::204:4:4:4,551,0,4,350,3040078,52,151,60,12,453,100,-88,269,59,60,442,1,772,3040520
fd00::204:4:4:4,19,0,0,8,3050633,53,153,60,12,542,100,-72,271,62,60,12077,1,6327,3062710
fd00::204:4:4:4,266,0,1,273,3198419,54,163,60,12,6635,100,-92,284,64,60,91,1,3387,3198510
fd00::204:4:4:4,19,0,0,8,3219529,56,163,60,12,6635,100,-92,287,65,60,2641,1,3387,3222170
fd00::204:4:4:4,19,0,0,8,3230087,57,164,60,12,784,100,-88,288,67,60,623,0,1127,3230710
fd00::204:4:4:4,19,0,0,8,3251199,59,165,60,12,444,100,-77,290,69,60,91,1,397,3251290
fd00::204:4:4:4,19,0,0,8,3272311,61,165,60,12,444,100,-77,292,70,60,189,1,397,3272500
fd00::204:4:4:4,342,0,2,419,3472875,63,180,60,12,754,100,-88,312,76,60,105,1,447,3472980
fd00::204:4:4:4,19,0,0,8,3483431,64,181,60,12,1254,100,-54,313,78,60,189,1,697,3483620
fd00::204:4:4:4,19,0,0,8,3493987,65,182,60,12,774,100,-61,314,80,60,133,1,492,3494120
fd00::204:4:4:4,19,0,0,8,3515099,67,183,60,12,5064,100,-92,316,82,60,1841,1,3337,3516940
fd00::204:4:4:4,19,0,0,8,3525655,68,184,60,12,734,100,-78,317,84,60,105,1,437,3525760
fd00::204:4:4:4,19,0,0,8,3536211,69,185,60,12,604,100,-53,318,86,60,119,1,407,3536330
fd00::204:4:4:4,19,0,0,8,3546769,70,186,60,12,684,100,-37,319,88,60,131,1,412,3546900
fd00::204:4:4:4,19,0,0,8,3567877,72,186,60,12,684,100,-37,321,89,60,93,1,412,3567970
fd00::204:4:4:4,19,0,0,8,3578435,73,188,60,12,2184,100,-78,322,92,60,105,1,1477,3578540
fd00::204:4:4:4,19,0,0,8,3588991,74,189,60,12,654,100,-64,323,94,60,119,1,397,3589110
fd00::204:4:4:4,19,0,0,8,3599549,75,190,60,12,874,100,-32,324,96,60,131,1,647,3599680
