node,cpu_mj,total_mj,latency_ms,volume_B,response_ms,throughput_bps,root_time_now
fd00::202:2:2:2,37,60,0,60,1,480000,20930
fd00::202:2:2:2,18,26,324,132,674,854,31500
fd00::202:2:2:2,18,26,264,204,334,1724,42000
fd00::202:2:2:2,18,26,344,276,484,1190,52500
fd00::202:2:2:2,18,26,354,348,424,1358,63070
fd00::202:2:2:2,18,26,154,420,504,1142,73570
fd00::202:2:2:2,18,26,94,492,234,2461,84140
fd00::202:2:2:2,18,26,174,564,1504,382,94710
fd00::202:2:2:2,18,26,254,636,394,1461,105210
fd00::202:2:2:2,18,26,894,708,1524,377,115710
fd00::202:2:2:2,18,27,1604,780,2374,242,126280
fd00::202:2:2:2,18,27,144,852,984,585,136780
fd00::202:2:2:2,18,26,3304,924,6314,91,147350
fd00::202:2:2:2,18,27,164,996,1564,368,157850
fd00::202:2:2:2,18,26,944,1068,1154,499,168350
fd00::202:2:2:2,18,27,394,1140,1094,526,178920
fd00::202:2:2:2,18,26,124,1212,2854,201,189420
fd00::202:2:2:2,18,27,204,1284,694,829,200002
fd00::202:2:2:2,18,26,157,1368,1697,395,212450
fd00::202:2:2:2,18,26,167,1440,4997,115,225120
fd00::202:2:2:2,18,26,174,1512,1714,336,232050
fd00::202:2:2:2,18,26,465,1584,2005,287,244300
fd00::202:2:2:2,18,26,404,1656,5374,107,255500
fd00::202:2:2:2,18,26,204,1728,3564,161,264390
fd00::202:2:2:2,18,26,214,1800,914,630,273700
fd00::202:2:2:2,18,26,154,1872,1834,314,284200
fd00::202:2:2:2,18,26,164,1944,2754,209,295610
fd00::202:2:2:2,18,27,594,2016,5424,106,305760
fd00::202:2:2:2,18,26,184,2088,4034,142,316050
fd00::202:2:2:2,18,26,194,2160,1244,463,326340
fd00::202:2:2:2,18,26,133,2232,3633,158,337680
fd00::202:2:2:2,18,26,144,2304,3924,146,347620
fd00::202:2:2:2,18,26,154,2376,2394,240,357910
fd00::202:2:2:2,18,26,1564,2448,4714,122,368480
fd00::202:2:2:2,18,26,174,2520,1994,288,379470
fd00::202:2:2:2,18,27,2214,2592,2704,213,389550
fd00::202:2:2:2,18,27,134,2736,6854,168,415520
fd00::202:2:2:2,18,27,155,2820,855,785,423010
fd00::202:2:2:2,18,26,374,2892,2754,209,432880
fd00::202:2:2:2,18,27,104,2964,3114,184,443240
fd00::202:2:2:2,18,26,114,3036,3264,176,453390
fd00::202:2:2:2,18,26,264,3108,3134,183,463680
fd00::202:2:2:2,18,26,274,3180,1604,359,477820
fd00::202:2:2:2,18,26,564,3252,5674,101,486360
fd00::202:2:2:2,18,26,224,3324,3444,167,494830
fd00::202:2:2:2,18,26,164,3396,1424,404,505470
fd00::202:2:2:2,18,27,177,3468,1577,365,515900
fd00::202:2:2:2,18,27,744,3540,2074,277,526470
fd00::202:2:2:2,18,26,264,3612,1104,521,538300
fd00::202:2:2:2,18,26,344,3684,1744,330,547890
fd00::202:2:2:2,18,26,285,3756,1125,512,558110
fd00::202:2:2:2,18,26,14,3828,1554,370,568540
fd00::202:2:2:2,18,26,22,3900,4012,143,579390
fd00::202:2:2:2,18,26,34,3972,3254,177,589610
fd00::202:2:2:2,18,26,54,4056,3274,205,604170
fd00::202:2:2:2,18,26,64,4128,3424,168,613970
fd00::202:2:2:2,18,26,74,4200,1544,373,621600
fd00::202:2:2:2,18,26,14,4272,1624,354,631750
fd00::202:2:2:2,18,27,24,4344,654,880,644280
fd00::202:2:2:2,18,26,34,4416,1504,382,654360
fd00::202:2:2:2,18,26,44,4488,1444,398,663320
fd00::202:2:2:2,18,27,54,4560,1664,346,674660
fd00::202:2:2:2,18,26,64,4632,2164,266,684600
fd00::202:2:2:2,18,27,214,4704,3784,152,694960
fd00::202:2:2:2,18,26,14,4776,3584,160,706020
fd00::202:2:2:2,18,26,24,4848,514,1120,716520
fd00::202:2:2:2,18,26,104,4920,1784,322,726530
fd00::202:2:2:2,18,27,44,4992,2844,202,737170
fd00::202:2:2:2,18,26,124,5064,2844,202,747600
fd00::202:2:2:2,18,26,134,5136,4194,137,758100
fd00::202:2:2:2,18,26,144,5208,2734,210,768670
fd00::202:2:2:2,18,27,84,5280,714,806,784420
fd00::202:2:2:2,18,26,234,5352,4504,127,789740
fd00::202:2:2:2,18,27,186,5436,606,1108,800660
fd00::202:2:2:2,18,27,124,5508,3484,165,813540
fd00::202:2:2:2,18,26,133,5580,2303,250,822360
fd00::202:2:2:2,18,27,144,5652,3714,155,833840
fd00::202:2:2:2,18,26,85,5724,3375,170,843710
fd00::202:2:2:2,18,26,94,5796,934,616,852880
fd00::202:2:2:2,18,26,104,5868,4164,138,864220
fd00::202:2:2:2,18,27,394,5940,3054,188,873950
fd00::202:2:2:2,18,26,404,6012,754,763,887460
fd00::202:2:2:2,18,27,344,6084,2094,275,895300
fd00::202:2:2:2,18,26,144,6156,4484,128,905800
fd00::202:2:2:2,18,27,84,6228,6664,86,917280
fd00::202:2:2:2,18,27,1844,6300,2054,280,926660
fd00::202:2:2:2,18,27,107,6372,3747,153,937160
fd00::202:2:2:2,18,26,187,6444,537,1072,947660
fd00::202:2:2:2,18,26,194,6516,1594,361,958230
fd00::202:2:2:2,18,27,134,6588,344,1674,968940
fd00::202:2:2:2,18,26,3714,6660,6164,93,979510
fd00::202:2:2:2,18,26,784,6732,1064,541,989800
fd00::202:2:2:2,18,26,174,6816,1634,411,1007300
fd00::202:2:2:2,18,26,324,6888,6484,88,1016750
fd00::202:2:2:2,18,27,324,6948,6484,74,1021790
fd00::202:2:2:2,18,27,67,7032,4057,165,1034180
fd00::202:2:2:2,18,27,564,7104,3504,164,1043560
fd00::202:2:2:2,18,27,924,7176,3794,151,1053850
fd00::202:2:2:2,18,26,94,7248,5484,105,1066170
fd00::202:2:2:2,18,27,594,7320,4094,140,1074150
fd00::202:2:2:2,18,27,3334,7392,3684,156,1084580
fd00::202:2:2:2,18,26,3334,7452,3684,130,1096550
fd00::202:2:2:2,18,26,1396,7536,1676,400,1105650
fd00::202:2:2:2,18,26,1474,7608,1964,293,1116920
fd00::202:2:2:2,18,27,643,7680,2813,204,1126720
fd00::202:2:2:2,18,27,934,7752,1704,338,1137220
fd00::202:2:2:2,18,26,737,7824,4937,116,1147790
fd00::202:2:2:2,18,26,254,7896,2984,193,1158290
fd00::202:2:2:2,18,27,1454,7968,2714,212,1168790
fd00::202:2:2:2,18,26,344,8040,3844,149,1179430
fd00::202:2:2:2,18,26,494,8112,2314,248,1189860
fd00::202:2:2:2,18,26,234,8196,4434,151,1204490
fd00::202:2:2:2,18,26,244,8268,804,716,1212190
fd00::202:2:2:2,18,26,254,8340,674,854,1222690
fd00::202:2:2:2,18,27,264,8412,5304,108,1235430
fd00::202:2:2:2,18,27,274,8484,5454,105,1245720
fd00::202:2:2:2,18,26,284,8556,3854,149,1254120
fd00::202:2:2:2,18,27,224,8628,2394,240,1263570
fd00::202:2:2:2,18,26,164,8700,1494,385,1274140
fd00::202:2:2:2,18,26,244,8772,3744,153,1285130
fd00::202:2:2:2,18,26,604,8844,2984,193,1295210
fd00::202:2:2:2,18,26,334,8916,3344,172,1308510
fd00::202:2:2:2,18,26,274,8988,904,637,1316420
fd00::202:2:2:2,18,26,494,9060,2174,264,1326850
fd00::202:2:2:2,18,26,1064,9132,1484,388,1337630
fd00::202:2:2:2,18,26,95,9204,6255,92,1347850
fd00::202:2:2:2,18,26,244,9276,3394,169,1358630
fd00::202:2:2:2,18,27,254,9348,2004,287,1368920
fd00::202:2:2:2,18,26,404,9420,4114,140,1379420
fd00::202:2:2:2,18,26,274,9492,3704,155,1390550
fd00::202:2:2:2,18,27,224,9576,3514,191,1403570
fd00::202:2:2:2,18,26,234,9648,7584,75,1417640
fd00::202:2:2:2,18,26,734,9720,3324,173,1423380
fd00::202:2:2:2,18,27,734,9780,3324,144,1432340
fd00::202:2:2:2,18,27,264,9864,1244,540,1442630
fd00::202:2:2:2,18,26,555,9936,2515,229,1453410
fd00::202:2:2:2,18,27,2524,10008,4204,137,1464260
fd00::202:2:2:2,18,26,14,10080,6524,88,1476580
fd00::202:2:2:2,18,26,307,10152,1007,571,1485680
fd00::202:2:2:2,18,26,174,10224,3534,162,1497860
fd00::202:2:2:2,18,26,253,10296,3333,172,1505840
fd00::202:2:2:2,18,27,406,10368,2996,192,1516340
fd00::202:2:2:2,18,26,204,10440,4264,135,1531670
fd00::202:2:2:2,18,26,284,10512,2174,264,1537410
fd00::202:2:2:2,18,26,284,10572,2174,220,1549240
fd00::202:2:2:2,18,26,284,10632,2174,220,1558480
fd00::202:2:2:2,18,26,16545,10704,16615,34,1572760
fd00::202:2:2:2,18,26,17885,10776,22015,26,1582070
fd00::202:2:2:2,18,26,18174,10848,18314,31,1591380
fd00::202:2:2:2,568,2826,594,11352,29804,135,1916530
fd00::202:2:2:2,18,26,324,11424,884,651,1927240
fd00::202:2:2:2,18,26,135,11568,7625,151,1948100
fd00::202:2:2:2,18,26,494,11640,3084,186,1958670
fd00::202:2:2:2,18,26,155,11712,2395,240,1969170
fd00::202:2:2:2,18,26,164,11784,2684,214,1979740
fd00::202:2:2:2,18,26,184,11868,1024,656,1991080
fd00::202:2:2:2,18,26,403,11940,1024,562,2006970
fd00::202:2:2:2,18,26,18544,13272,18964,561,2801260
fd00::202:2:2:2,18,26,94,13368,2334,329,2812390
fd00::202:2:2:2,18,26,594,13440,2064,279,2822890
fd00::202:2:2:2,18,26,594,13500,2064,232,2835840
fd00::202:2:2:2,18,26,5295,13572,6415,89,2843260
fd00::202:2:2:2,18,26,5295,13632,6415,74,2854460
fd00::202:2:2:2,18,26,15455,13704,6415,89,2869370
fd00::202:2:2:2,94,139,22075,13812,18424,46,2924180
fd00::202:2:2:2,18,26,31814,13884,18424,31,2928870
fd00::202:2:2:2,18,27,34624,13956,35674,16,2942800
fd00::202:2:2:2,151,225,235,14160,4085,399,3034920
fd00::202:2:2:2,18,26,235,14220,4085,117,3035550
fd00::202:2:2:2,18,26,7945,14292,8435,68,3044580
fd00::202:2:2:2,18,25,7184,14364,9494,60,3054380
fd00::202:2:2:2,303,781,434,14628,6244,338,3227770
fd00::202:2:2:2,18,26,1144,14700,6244,92,3239040
fd00::202:2:2:2,435,1375,194,15036,404,6653,3475290
fd00::202:2:2:2,18,26,344,15108,5874,98,3486210
fd00::202:2:2:2,18,26,354,15180,1054,546,3496150
fd00::202:2:2:2,18,26,224,15252,1344,428,3509730
fd00::202:2:2:2,18,26,514,15324,654,880,3517220
fd00::202:2:2:2,18,26,1505,15396,4025,143,3527790
fd00::203:3:3:3,110,721,0,60,1,480000,62230
fd00::203:3:3:3,18,26,574,132,714,806,72450
fd00::203:3:3:3,18,26,444,204,654,880,82950
fd00::203:3:3:3,18,26,454,276,1574,365,92960
fd00::203:3:3:3,18,26,674,348,1024,562,103530
fd00::203:3:3:3,18,26,1244,420,1594,361,113540
fd00::203:3:3:3,18,26,2024,492,3984,144,124390
fd00::203:3:3:3,18,26,424,564,1824,315,134330
fd00::203:3:3:3,18,26,3864,636,6524,88,146580
fd00::203:3:3:3,18,26,514,708,1634,352,154770
fd00::203:3:3:3,18,26,1364,780,1504,382,164850
fd00::203:3:3:3,18,26,674,852,3684,156,176330
fd00::203:3:3:3,18,26,824,924,3834,150,185360
fd00::203:3:3:3,18,26,1324,996,4614,124,197540
fd00::203:3:3:3,18,27,1054,1068,2524,228,206220
fd00::203:3:3:3,18,27,2397,1140,5127,112,216440
fd00::203:3:3:3,18,26,587,1212,5067,113,232680
fd00::203:3:3:3,18,26,384,1284,3954,145,239680
fd00::203:3:3:3,18,26,1375,1356,4805,119,247030
fd00::203:3:3:3,18,26,614,1428,5654,101,259000
fd00::203:3:3:3,18,27,344,1500,3914,147,267470
fd00::203:3:3:3,18,27,1404,1572,2944,195,278390
fd00::203:3:3:3,18,26,364,1644,3234,178,288260
fd00::203:3:3:3,18,27,514,1716,3314,173,298270
fd00::203:3:3:3,18,26,1644,1788,5494,104,308560
fd00::203:3:3:3,18,26,604,1860,4244,135,319130
fd00::203:3:3:3,18,27,684,1932,3064,187,329070
fd00::203:3:3:3,18,27,623,2004,4263,135,339640
fd00::203:3:3:3,18,26,564,2076,6794,84,349580
fd00::203:3:3:3,18,26,644,2148,3304,174,364770
fd00::203:3:3:3,18,27,2474,2220,5064,113,378210
fd00::203:3:3:3,18,27,454,2292,8294,69,385000
fd00::203:3:3:3,18,26,474,2376,2644,254,393260
fd00::203:3:3:3,18,27,474,2436,2644,181,406910
fd00::203:3:3:3,18,27,1324,2508,9024,63,415590
fd00::203:3:3:3,18,26,645,2592,2955,227,423080
fd00::203:3:3:3,18,26,645,2652,2955,162,433720
fd00::203:3:3:3,18,27,314,2736,3184,211,443380
fd00::203:3:3:3,18,26,394,2808,5224,110,456890
fd00::203:3:3:3,18,26,894,2880,3204,179,463610
fd00::203:3:3:3,18,26,904,2952,2724,211,477890
fd00::203:3:3:3,18,26,2104,3024,6444,89,486500
fd00::203:3:3:3,18,27,574,3096,4004,143,495250
fd00::203:3:3:3,18,27,514,3168,1774,324,508970
fd00::203:3:3:3,18,26,667,3240,1997,288,513800
fd00::203:3:3:3,18,27,1094,3312,5574,103,527590
fd00::203:3:3:3,18,27,474,3384,3974,144,538160
fd00::203:3:3:3,18,26,3004,3456,5454,105,547470
fd00::203:3:3:3,18,26,495,3528,3995,144,559580
fd00::203:3:3:3,18,26,504,3600,2814,204,565530
fd00::203:3:3:3,18,26,302,3672,5692,101,576170
fd00::203:3:3:3,18,26,384,3744,5074,113,588070
fd00::203:3:3:3,18,26,2006,3816,3056,188,602980
fd00::203:3:3:3,18,27,194,3888,4254,135,606200
fd00::203:3:3:3,18,26,904,3960,4054,142,619640
fd00::203:3:3:3,18,26,284,4032,4134,139,629860
fd00::203:3:3:3,18,26,364,4104,1694,340,637000
fd00::203:3:3:3,18,26,1284,4176,4224,136,647360
fd00::203:3:3:3,18,26,244,4248,4514,127,657510
fd00::203:3:3:3,18,26,604,4320,3824,150,667940
fd00::203:3:3:3,18,27,474,4392,6284,91,679140
fd00::203:3:3:3,18,26,2234,4464,4054,142,688590
fd00::203:3:3:3,18,27,354,4536,3854,149,698530
fd00::203:3:3:3,18,26,644,4608,5054,113,708890
fd00::203:3:3:3,18,27,1074,4680,2054,280,719110
fd00::203:3:3:3,18,26,454,4752,2134,269,729330
fd00::203:3:3:3,18,26,394,4824,3544,162,739830
fd00::203:3:3:3,18,27,3274,4896,5934,97,749910
fd00::203:3:3:3,18,26,484,4968,6294,91,764050
fd00::203:3:3:3,18,26,494,5040,4274,134,771190
fd00::203:3:3:3,18,26,374,5124,4574,146,785050
fd00::203:3:3:3,18,27,374,5184,4574,104,791070
fd00::203:3:3:3,18,27,886,5268,1866,360,801990
fd00::203:3:3:3,18,26,404,5340,3624,158,813750
fd00::203:3:3:3,18,27,483,5412,3703,155,824460
fd00::203:3:3:3,18,27,1054,5484,4484,128,834820
fd00::203:3:3:3,18,26,785,5556,3445,167,843640
fd00::203:3:3:3,18,26,304,5628,4084,141,855190
fd00::203:3:3:3,18,26,524,5700,4374,131,864710
fd00::203:3:3:3,18,26,954,5772,5644,102,878080
fd00::203:3:3:3,18,26,684,5844,1944,296,887390
fd00::203:3:3:3,18,27,1744,5916,2864,201,895510
fd00::203:3:3:3,18,27,354,5988,6094,94,908250
fd00::203:3:3:3,18,26,3444,6060,6734,85,916790
fd00::203:3:3:3,18,26,3454,6132,5974,96,926590
fd00::203:3:3:3,18,27,317,6204,5707,100,935970
fd00::203:3:3:3,18,26,1797,6276,2777,207,945420
fd00::203:3:3:3,18,26,544,6348,4674,123,957810
fd00::203:3:3:3,18,26,484,6420,1114,517,968310
fd00::203:3:3:3,18,27,4274,6492,6234,92,976430
fd00::203:3:3:3,18,27,1484,6564,2534,227,985950
fd00::203:3:3:3,18,26,514,6636,4224,136,997920
fd00::203:3:3:3,18,27,594,6708,7664,75,1015840
fd00::203:3:3:3,18,26,1794,6780,7044,81,1019480
fd00::203:3:3:3,18,27,207,6924,12107,95,1043280
fd00::203:3:3:3,18,27,914,6996,4764,120,1057000
fd00::203:3:3:3,18,26,1554,7068,9464,60,1066030
fd00::203:3:3:3,18,26,444,7140,6254,92,1068340
fd00::203:3:3:3,18,26,1994,7212,8014,71,1079610
fd00::203:3:3:3,18,27,3544,7284,4244,135,1088570
fd00::203:3:3:3,18,27,6074,7356,7264,79,1098860
fd00::203:3:3:3,18,26,6086,7428,6436,89,1109780
fd00::203:3:3:3,18,26,2874,7500,4344,132,1119720
fd00::203:3:3:3,18,27,1413,7572,3093,186,1129870
fd00::203:3:3:3,18,26,1844,7644,2264,254,1139950
fd00::203:3:3:3,18,27,1157,7716,5567,103,1153180
fd00::203:3:3:3,18,26,674,7788,3264,176,1164240
fd00::203:3:3:3,18,26,1664,7860,4744,121,1173900
fd00::203:3:3:3,18,26,844,7944,5254,127,1185310
fd00::203:3:3:3,18,26,844,8004,5254,91,1195390
fd00::203:3:3:3,18,26,584,8088,4574,146,1204910
fd00::203:3:3:3,18,27,1434,8160,3814,151,1214150
fd00::203:3:3:3,18,27,1024,8232,3824,150,1226820
fd00::203:3:3:3,18,27,964,8304,5374,107,1235570
fd00::203:3:3:3,18,27,694,8376,5804,99,1249010
fd00::203:3:3:3,18,26,564,8448,3924,146,1254400
fd00::203:3:3:3,18,26,924,8520,4354,132,1265320
fd00::203:3:3:3,18,26,514,8592,1564,368,1276520
fd00::203:3:3:3,18,26,1224,8664,4724,121,1285200
fd00::203:3:3:3,18,27,744,8736,3124,184,1297940
fd00::203:3:3:3,18,27,684,8808,3694,155,1308580
fd00::203:3:3:3,18,27,1184,8880,2934,196,1315160
fd00::203:3:3:3,18,26,1054,8952,2664,216,1326780
fd00::203:3:3:3,18,27,1694,9024,5124,112,1337070
fd00::203:3:3:3,18,26,1215,9096,6395,90,1346940
fd00::203:3:3:3,18,26,1364,9168,7244,79,1357440
fd00::203:3:3:3,18,26,1164,9240,3544,162,1365980
fd00::203:3:3:3,18,27,824,9312,5654,101,1376620
fd00::203:3:3:3,18,27,974,9384,7134,80,1394610
fd00::203:3:3:3,18,27,914,9456,5184,111,1398040
fd00::203:3:3:3,18,27,1134,9528,3654,157,1406790
fd00::203:3:3:3,18,26,1214,9600,7934,72,1418620
fd00::203:3:3:3,18,27,1364,9672,3464,166,1429330
fd00::203:3:3:3,18,26,3824,9744,4734,121,1437940
fd00::203:3:3:3,18,26,1104,9816,1524,377,1452780
fd00::203:3:3:3,18,27,695,9888,4055,142,1458100
fd00::203:3:3:3,18,26,3784,9960,5114,112,1476440
fd00::203:3:3:3,18,27,924,10032,7994,72,1484280
fd00::203:3:3:3,18,27,587,10104,4577,125,1494430
fd00::203:3:3:3,18,26,3184,10176,7944,72,1504020
fd00::203:3:3:3,73,111,9046,10356,17236,83,1558130
fd00::203:3:3:3,18,27,9046,10416,17236,27,1569680
fd00::203:3:3:3,18,26,19135,10488,22985,25,1582210
fd00::203:3:3:3,775,5637,683,10788,7263,330,2007670
fd00::203:3:3:3,1496,3992,5435,11376,6485,725,2843750
fd00::203:3:3:3,18,26,5435,11436,6485,74,2854740
fd00::203:3:3:3,18,26,19515,11508,25185,22,2869720
fd00::203:3:3:3,18,26,18403,11580,21343,26,2878750
fd00::203:3:3:3,18,26,21425,11652,24855,23,2889600
fd00::203:3:3:3,18,26,22215,11856,23464,69,2923550
fd00::204:4:4:4,190,1603,0,60,1,480000,105700
fd00::204:4:4:4,19,27,2504,132,3274,175,116270
fd00::204:4:4:4,19,27,3774,204,4544,126,126770
fd00::204:4:4:4,19,27,5254,276,5604,102,137340
fd00::204:4:4:4,19,27,5544,348,7084,81,147910
fd00::204:4:4:4,19,27,2054,420,3804,151,158760
fd00::204:4:4:4,19,27,2974,492,6474,88,169190
fd00::204:4:4:4,19,27,1794,564,3824,150,179550
fd00::204:4:4:4,19,28,2644,636,6494,88,193970
fd00::204:4:4:4,19,28,2234,708,4754,121,202930
fd00::204:4:4:4,19,28,1544,780,4134,139,215040
fd00::204:4:4:4,19,27,4287,852,6947,82,227500
fd00::204:4:4:4,19,28,4787,924,8777,65,238420
fd00::204:4:4:4,19,27,1865,1008,5435,123,245560
fd00::204:4:4:4,19,28,1944,1080,5864,98,256620
fd00::204:4:4:4,19,27,2024,1152,4544,126,264670
fd00::204:4:4:4,19,28,2314,1224,4834,119,276710
fd00::204:4:4:4,19,27,1554,1296,3654,157,285110
fd00::204:4:4:4,19,28,1214,1368,4714,122,296450
fd00::204:4:4:4,19,27,2484,1440,5634,102,308070
fd00::204:4:4:4,19,27,1864,1512,4454,129,317310
fd00::204:4:4:4,19,28,3484,1584,3904,147,328230
fd00::204:4:4:4,19,28,1813,1656,4683,122,338030
fd00::204:4:4:4,19,28,1474,1728,6934,83,348740
fd00::204:4:4:4,19,27,3864,1800,4704,122,359100
fd00::204:4:4:4,19,27,4224,1872,5134,112,369600
fd00::204:4:4:4,19,28,6054,1944,8504,67,384510
fd00::204:4:4:4,19,27,3194,2016,6974,82,393470
fd00::204:4:4:4,19,27,4114,2088,4534,127,408940
fd00::204:4:4:4,19,27,3914,2160,9164,62,417620
fd00::204:4:4:4,19,28,3434,2232,8264,69,423500
fd00::204:4:4:4,19,27,4215,2304,6665,86,436310
fd00::204:4:4:4,19,27,2344,2388,3464,193,445760
fd00::204:4:4:4,19,28,1094,2460,6694,86,457100
fd00::204:4:4:4,19,28,2784,2532,5374,107,467390
fd00::204:4:4:4,19,27,2934,2604,8394,68,478450
fd00::204:4:4:4,19,28,2594,2676,6724,85,488530
fd00::204:4:4:4,19,27,1064,2748,4074,141,497000
fd00::204:4:4:4,19,27,2474,2820,6744,85,509600
fd00::204:4:4:4,19,28,2697,2892,2907,198,517370
fd00::204:4:4:4,19,28,2564,2964,6414,89,528080
fd00::204:4:4:4,19,28,2014,3036,4814,119,538580
fd00::204:4:4:4,19,28,3844,3108,6364,90,549220
fd00::204:4:4:4,19,27,1615,3180,7915,72,562730
fd00::204:4:4:4,19,27,1064,3252,4004,143,575890
fd00::204:4:4:4,19,28,6742,3324,8002,71,586880
fd00::204:4:4:4,19,28,4654,3396,7524,76,592060
fd00::204:4:4:4,19,28,1524,3480,4604,145,604660
fd00::204:4:4:4,19,27,1954,3552,7344,78,618660
fd00::204:4:4:4,19,27,1894,3624,4414,130,628320
fd00::204:4:4:4,19,27,2184,3696,4774,120,635180
fd00::204:4:4:4,19,28,3384,3768,5484,105,647010
fd00::204:4:4:4,19,28,1294,3840,5354,107,656250
fd00::204:4:4:4,19,27,1444,3912,4524,127,665490
fd00::204:4:4:4,19,27,1594,3984,7964,72,678930
fd00::204:4:4:4,19,27,2794,4056,4404,130,686490
fd00::204:4:4:4,19,28,4134,4128,4484,128,696920
fd00::204:4:4:4,19,27,2044,4200,5684,101,707350
fd00::204:4:4:4,19,28,4574,4272,7374,78,718620
fd00::204:4:4:4,19,28,1014,4344,2904,198,728840
fd00::204:4:4:4,19,27,1654,4416,4104,140,739060
fd00::204:4:4:4,19,28,4464,4488,6284,91,749630
fd00::204:4:4:4,19,28,1394,4560,6784,84,763910
fd00::204:4:4:4,19,28,1474,4632,5744,100,776790
fd00::204:4:4:4,19,28,1414,4704,7014,82,785470
fd00::204:4:4:4,19,27,1704,4776,5554,103,792050
fd00::204:4:4:4,19,28,5774,4848,5984,96,805000
fd00::204:4:4:4,19,27,1244,4932,4184,160,814660
fd00::204:4:4:4,19,27,1673,5004,4543,126,824670
fd00::204:4:4:4,19,27,3014,5076,6514,88,836990
fd00::204:4:4:4,19,28,3014,5136,6514,73,845040
fd00::204:4:4:4,19,28,1424,5220,4574,146,855750
fd00::204:4:4:4,19,27,2414,5292,4514,127,873110
fd00::204:4:4:4,19,28,2144,5364,7044,81,878290
fd00::204:4:4:4,19,27,2924,5436,7054,81,888440
fd00::204:4:4:4,19,28,3704,5508,5804,99,897400
fd00::204:4:4:4,19,28,1334,5580,6654,86,909510
fd00::204:4:4:4,19,28,5614,5652,7364,78,918750
fd00::204:4:4:4,19,28,3944,5724,6464,89,929040
fd00::204:4:4:4,19,27,1857,5796,5777,99,939750
fd00::204:4:4:4,19,27,3687,5868,5087,113,954100
fd00::204:4:4:4,19,27,1944,5940,7194,80,967050
fd00::204:4:4:4,19,27,7134,6012,8464,68,972230
fd00::204:4:4:4,19,27,5254,6084,6374,90,984060
fd00::204:4:4:4,19,27,3024,6156,6174,93,997500
fd00::204:4:4:4,19,28,2544,6228,7584,75,1013250
fd00::204:4:4:4,19,28,2774,6312,8094,83,1019970
fd00::204:4:4:4,19,28,3347,6384,7687,74,1033550
fd00::204:4:4:4,19,28,3224,6528,14984,76,1056160
fd00::204:4:4:4,19,28,2604,6600,15274,37,1065960
fd00::204:4:4:4,19,28,1494,6672,6534,88,1067150
fd00::204:4:4:4,19,27,2344,6744,8294,69,1079750
fd00::204:4:4:4,19,28,5644,6816,5854,98,1088080
fd00::204:4:4:4,19,28,5644,6876,5854,81,1098510
fd00::204:4:4:4,19,28,7556,6960,7906,84,1109220
fd00::204:4:4:4,19,28,4764,7032,5324,108,1119580
fd00::204:4:4:4,19,28,2183,7104,4633,124,1129730
fd00::204:4:4:4,19,28,4644,7176,7374,78,1144990
fd00::204:4:4:4,19,28,1927,7248,5987,96,1153390
fd00::204:4:4:4,19,28,3614,7320,4734,121,1165010
fd00::204:4:4:4,19,28,3624,7392,5584,103,1175930
fd00::204:4:4:4,19,28,1954,7464,6434,89,1185870
fd00::204:4:4:4,19,28,2734,7536,5954,96,1197980
fd00::204:4:4:4,19,27,2894,7620,5064,132,1205120
fd00::204:4:4:4,19,27,2624,7692,5914,97,1218840
fd00::204:4:4:4,19,29,2624,7752,5914,81,1227030
fd00::204:4:4:4,19,28,2714,7836,7754,86,1239140
fd00::204:4:4:4,19,28,2374,7908,9094,63,1249290
fd00::204:4:4:4,19,27,2454,7980,6794,84,1264060
fd00::204:4:4:4,19,28,1554,8052,4774,120,1266860
fd00::204:4:4:4,19,27,2684,8124,5834,98,1278340
fd00::204:4:4:4,19,27,2064,8196,4794,120,1287930
fd00::204:4:4:4,19,28,4664,8268,9214,62,1303540
fd00::204:4:4:4,19,28,4884,8340,8804,65,1309490
fd00::204:4:4:4,19,28,4894,8412,6294,91,1319640
fd00::204:4:4:4,19,28,4624,8484,7074,81,1333920
fd00::204:4:4:4,19,28,2324,8556,6384,90,1346310
fd00::204:4:4:4,19,28,2545,8628,6535,88,1353450
fd00::204:4:4:4,19,27,6824,8700,6535,88,1365840
fd00::204:4:4:4,19,28,1864,8772,8304,69,1375850
fd00::204:4:4:4,19,27,1954,8856,7904,85,1390006
fd00::204:4:4:4,19,28,2174,8928,5254,109,1397900
fd00::204:4:4:4,19,27,2954,9000,4004,143,1404830
fd00::204:4:4:4,19,27,2194,9072,8144,70,1418340
fd00::204:4:4:4,19,27,2624,9144,3744,153,1427370
fd00::204:4:4:4,19,27,2624,9204,3744,128,1437170
fd00::204:4:4:4,19,27,2014,9288,8874,75,1450960
fd00::204:4:4:4,19,27,2025,9360,5525,104,1456840
fd00::204:4:4:4,19,27,6094,9432,16244,35,1476300
fd00::204:4:4:4,19,28,2534,9504,9184,62,1482460
fd00::204:4:4:4,19,27,3597,9576,7377,78,1494360
fd00::204:4:4:4,19,27,4864,9648,8434,68,1503950
fd00::204:4:4:4,19,28,5713,9720,9143,62,1531880
fd00::205:5:5:5,213,2218,0,60,1,480000,119280
fd00::205:5:5:5,19,27,4264,132,4894,117,130760
fd00::205:5:5:5,19,28,5814,204,6304,91,142800
fd00::205:5:5:5,19,27,6034,276,7294,78,153720
fd00::205:5:5:5,19,27,5274,348,5834,98,164360
fd00::205:5:5:5,19,28,2214,432,3964,169,175770
fd00::205:5:5:5,19,27,3554,504,6704,85,187040
fd00::205:5:5:5,19,28,2654,576,4824,119,197050
fd00::205:5:5:5,19,28,1824,648,6164,93,209020
fd00::205:5:5:5,19,27,5897,720,15207,37,225260
fd00::205:5:5:5,19,27,5897,780,15207,31,233240
fd00::205:5:5:5,19,28,6404,864,9974,67,244720
fd00::205:5:5:5,19,28,2915,936,5645,102,248780
fd00::205:5:5:5,19,28,2574,1008,6354,90,263480
fd00::205:5:5:5,19,28,5244,1080,5594,102,271110
fd00::205:5:5:5,19,28,2734,1152,5114,112,283570
fd00::205:5:5:5,19,28,7784,1224,8764,65,294770
fd00::205:5:5:5,19,28,2404,1296,4854,118,305690
fd00::205:5:5:5,19,27,5214,1368,7314,78,314650
fd00::205:5:5:5,19,27,4314,1440,6624,86,325780
fd00::205:5:5:5,19,27,2303,1524,6503,103,337750
fd00::205:5:5:5,19,27,2174,1596,7214,79,348670
fd00::205:5:5:5,19,28,5614,1668,6104,94,356720
fd00::205:5:5:5,19,28,6534,1740,6884,83,368200
fd00::205:5:5:5,19,27,6534,1800,6884,69,379400
fd00::205:5:5:5,19,27,4454,1884,7114,94,389130
fd00::205:5:5:5,19,28,6214,1956,6494,88,399840
fd00::205:5:5:5,19,28,4824,2028,9234,62,417550
fd00::205:5:5:5,19,28,4694,2100,9594,60,423150
fd00::205:5:5:5,19,28,5125,2172,13245,43,435610
fd00::205:5:5:5,19,28,7374,2244,9264,62,444920
fd00::205:5:5:5,19,28,1794,2328,6764,99,457030
fd00::205:5:5:5,19,28,1794,2388,6764,70,467320
fd00::205:5:5:5,19,28,6284,2460,7474,77,478520
fd00::205:5:5:5,19,27,3294,2544,7004,95,489090
fd00::205:5:5:5,19,28,5404,2616,5684,101,497210
fd00::205:5:5:5,19,28,4014,2688,9264,62,509670
fd00::205:5:5:5,19,27,3607,2760,4447,129,518560
fd00::205:5:5:5,19,28,4454,2832,7674,75,533750
fd00::205:5:5:5,19,28,3134,2904,4954,116,544740
fd00::205:5:5:5,19,28,4474,2976,7694,74,557060
fd00::205:5:5:5,19,28,3435,3048,8545,67,565180
fd00::205:5:5:5,19,27,2744,3120,5264,109,576100
fd00::205:5:5:5,19,27,7512,3192,9332,61,586950
fd00::205:5:5:5,19,28,5984,3264,8294,69,597310
fd00::205:5:5:5,19,27,2014,3348,4744,141,604940
fd00::205:5:5:5,19,28,2794,3420,9164,62,619360
fd00::205:5:5:5,19,27,2524,3492,7984,72,629790
fd00::205:5:5:5,19,27,2884,3564,8974,64,643650
fd00::205:5:5:5,19,28,3734,3636,5834,98,648340
fd00::205:5:5:5,19,28,1994,3708,5494,104,658910
fd00::205:5:5:5,19,28,2074,3780,5364,107,669690
fd00::205:5:5:5,19,28,2014,3852,8244,69,683550
fd00::205:5:5:5,19,28,5314,3924,5944,96,693910
fd00::205:5:5:5,19,28,4834,3996,5394,106,706090
fd00::205:5:5:5,19,27,2254,4068,6384,90,716660
fd00::205:5:5:5,19,27,1994,4152,5424,123,727300
fd00::205:5:5:5,19,28,2354,4224,5924,97,736540
fd00::205:5:5:5,19,27,4604,4296,6494,88,747110
fd00::205:5:5:5,19,27,1744,4368,7484,76,759780
fd00::205:5:5:5,19,28,1894,4440,5954,96,767480
fd00::205:5:5:5,19,27,2464,4512,8554,67,784350
fd00::205:5:5:5,19,28,2404,4584,5624,102,789110
fd00::205:5:5:5,19,28,6544,4656,6964,82,799610
fd00::205:5:5:5,19,27,2776,4728,5646,102,813400
fd00::205:5:5:5,19,27,2084,4800,4464,129,824320
fd00::205:5:5:5,19,27,1953,4872,4613,124,836010
fd00::205:5:5:5,19,27,3294,4944,6724,85,843780
fd00::205:5:5:5,19,28,1774,5028,4924,136,855470
fd00::205:5:5:5,19,28,1774,5088,4924,97,867790
fd00::205:5:5:5,19,27,2564,5172,7184,93,878220
fd00::205:5:5:5,19,27,3484,5244,7684,74,888370
fd00::205:5:5:5,19,28,4684,5316,6434,89,897190
fd00::205:5:5:5,19,27,2104,5388,6794,84,908810
fd00::205:5:5:5,19,27,5964,5460,7434,77,918470
fd00::205:5:5:5,19,27,4784,5532,7514,76,928830
fd00::205:5:5:5,19,28,2557,5604,5917,97,939540
fd00::205:5:5:5,19,28,4177,5676,5787,99,956620
fd00::205:5:5:5,19,27,2434,5748,7544,76,967120
fd00::205:5:5:5,19,28,8394,5820,8744,65,972650
fd00::205:5:5:5,19,27,5884,5892,6514,88,985810
fd00::205:5:5:5,19,28,3104,5976,7654,87,997710
fd00::205:5:5:5,19,27,3104,6036,7654,62,1015000
fd00::205:5:5:5,19,28,3054,6120,9144,73,1024240
fd00::205:5:5:5,19,28,3767,6192,7897,72,1033970
fd00::205:5:5:5,19,28,1257,6324,12317,85,1057840
fd00::205:5:5:5,19,27,2124,6480,6674,186,1068970
fd00::205:5:5:5,19,28,2974,6552,8994,64,1082760
fd00::205:5:5:5,19,27,6414,6624,7744,74,1091090
fd00::205:5:5:5,19,28,9784,6696,14824,38,1104880
fd00::205:5:5:5,19,28,8256,6768,9026,63,1112580
fd00::205:5:5:5,19,27,7634,6840,9384,61,1125250
fd00::205:5:5:5,19,27,7503,6912,8693,66,1136940
fd00::205:5:5:5,19,28,3257,6996,6057,110,1148770
fd00::205:5:5:5,19,28,3257,7056,6057,79,1155280
fd00::205:5:5:5,19,27,4884,7140,6984,96,1167740
fd00::205:5:5:5,19,28,2514,7212,7204,79,1179150
fd00::205:5:5:5,19,28,4414,7284,8334,69,1189300
fd00::205:5:5:5,19,27,4074,7356,8484,67,1199030
fd00::205:5:5:5,19,27,3594,7428,5554,103,1209250
fd00::205:5:5:5,19,28,3254,7500,6124,94,1225700
fd00::205:5:5:5,19,28,6274,7572,7674,75,1237180
fd00::205:5:5:5,19,28,3624,7644,8104,71,1248870
fd00::205:5:5:5,19,28,4264,7716,9164,62,1256640
fd00::205:5:5:5,19,28,2254,7800,5614,119,1265950
fd00::205:5:5:5,19,28,2254,7860,5614,85,1277640
fd00::205:5:5:5,19,28,4084,7932,7794,73,1285760
fd00::205:5:5:5,19,28,5224,8016,9354,71,1303400
fd00::205:5:5:5,19,28,5794,8088,8874,64,1308930
fd00::205:5:5:5,19,27,5944,8160,7204,79,1317610
fd00::205:5:5:5,19,28,5394,8232,7704,74,1327970
fd00::205:5:5:5,19,28,2954,8304,9394,61,1340710
fd00::205:5:5:5,19,27,3595,8376,6605,87,1349600
fd00::205:5:5:5,19,28,8854,8448,14104,40,1364930
fd00::205:5:5:5,19,28,3264,8520,8654,66,1375780
fd00::205:5:5:5,19,28,5164,8592,6564,87,1387820
fd00::205:5:5:5,19,28,3774,8664,13014,44,1397970
fd00::205:5:5:5,19,27,3574,8736,8124,70,1404200
fd00::205:5:5:5,19,27,5474,8808,5754,100,1418270
fd00::205:5:5:5,19,28,6604,8880,8564,67,1425550
fd00::205:5:5:5,19,28,10884,8952,11164,51,1437520
fd00::205:5:5:5,19,27,5654,9036,9574,70,1452430
fd00::205:5:5:5,19,28,4475,9108,5665,101,1457750
fd00::205:5:5:5,19,27,3864,9252,9324,123,1485750
fd00::205:5:5:5,19,28,5067,9324,7587,75,1497790
fd00::205:5:5:5,19,27,9204,9396,16414,35,1507170
fd00::205:5:5:5,19,27,11173,9468,32033,17,1532090
fd00::205:5:5:5,77,116,14914,9564,25134,30,1565970
fd00::205:5:5:5,19,27,16956,9636,26826,21,1572620
fd00::206:6:6:6,137,1240,0,60,1,480000,76440
fd00::206:6:6:6,19,28,864,132,1004,573,87430
fd00::206:6:6:6,19,28,944,204,1644,350,98420
fd00::206:6:6:6,19,28,1934,276,2354,244,109340
fd00::206:6:6:6,19,28,2014,348,2154,267,120890
fd00::206:6:6:6,19,28,2234,420,2514,229,132020
fd00::206:6:6:6,19,28,1894,492,3014,191,142870
fd00::206:6:6:6,19,28,1144,576,2404,279,154210
fd00::206:6:6:6,19,28,2134,648,2554,225,164570
fd00::206:6:6:6,19,28,1304,720,2634,218,174860
fd00::206:6:6:6,19,28,1384,792,4604,125,185780
fd00::206:6:6:6,19,28,1464,864,4964,116,196980
fd00::206:6:6:6,19,28,844,936,7354,78,209300
fd00::206:6:6:6,19,29,3447,1008,3657,157,218610
fd00::206:6:6:6,19,28,1427,1080,5487,104,229460
fd00::206:6:6:6,19,28,4584,1152,5074,113,244090
fd00::206:6:6:6,19,28,1515,1224,4175,137,255430
fd00::206:6:6:6,19,28,904,1308,4264,157,264320
fd00::206:6:6:6,19,28,1824,1380,4134,139,277060
fd00::206:6:6:6,19,28,994,1452,2674,215,284550
fd00::206:6:6:6,19,28,724,1524,3104,185,295820
fd00::206:6:6:6,19,28,3254,1596,5564,103,308210
fd00::206:6:6:6,19,28,1304,1668,4314,133,317590
fd00::206:6:6:6,19,28,2014,1740,4184,137,327810
fd00::206:6:6:6,19,28,1183,1812,3703,155,339010
fd00::206:6:6:6,19,28,704,1884,3994,144,349720
fd00::206:6:6:6,19,28,3584,1956,6524,88,365680
fd00::206:6:6:6,19,28,874,2040,3534,190,373590
fd00::206:6:6:6,19,28,874,2100,3534,135,383390
fd00::206:6:6:6,19,28,1034,2184,4814,139,395430
fd00::206:6:6:6,19,28,3354,2256,6994,82,407050
fd00::206:6:6:6,19,28,2874,2328,5814,99,415870
fd00::206:6:6:6,19,28,3795,2400,3935,146,426370
fd00::206:6:6:6,19,28,4364,2472,4644,124,438830
fd00::206:6:6:6,19,28,1854,2544,3324,173,448070
fd00::206:6:6:6,19,28,464,2616,3334,172,458990
fd00::206:6:6:6,19,28,1524,2688,3554,162,477680
fd00::206:6:6:6,19,28,1184,2760,7764,74,487130
fd00::206:6:6:6,19,28,1484,2844,3514,191,493920
fd00::206:6:6:6,19,28,1984,2916,5204,110,505540
fd00::206:6:6:6,19,28,877,2988,5204,110,517650
fd00::206:6:6:6,19,28,1864,3060,6694,86,527730
fd00::206:6:6:6,19,27,894,3132,4394,131,538230
fd00::206:6:6:6,19,28,3424,3204,5874,98,547750
fd00::206:6:6:6,19,28,985,3276,6725,85,559860
fd00::206:6:6:6,19,28,714,3348,3304,174,568330
fd00::206:6:6:6,19,28,1422,3420,5762,99,579670
fd00::206:6:6:6,19,28,4304,3492,7104,81,590590
fd00::206:6:6:6,19,28,2706,3564,5856,98,604450
fd00::206:6:6:6,19,28,1254,3648,4124,162,618870
fd00::206:6:6:6,19,28,844,3720,4274,134,627760
fd00::206:6:6:6,19,28,1484,3792,3514,163,635530
fd00::206:6:6:6,19,28,2614,3864,5204,110,647150
fd00::206:6:6:6,19,28,944,3936,5144,111,656320
fd00::206:6:6:6,19,28,1024,4008,4454,129,666960
fd00::206:6:6:6,19,28,1244,4080,6494,88,679070
fd00::206:6:6:6,19,28,3074,4152,4544,126,688870
fd00::206:6:6:6,19,28,2314,4224,3994,144,699510
fd00::206:6:6:6,19,28,1764,4296,5264,109,711900
fd00::206:6:6:6,19,28,1084,4380,8224,81,728770
fd00::206:6:6:6,19,28,1514,4452,4734,121,737730
fd00::206:6:6:6,19,28,1514,4512,4734,101,745850
fd00::206:6:6:6,19,28,974,4596,6854,98,757120
fd00::206:6:6:6,19,28,914,4668,4624,124,767270
fd00::206:6:6:6,19,28,994,4740,12054,47,784280
fd00::206:6:6:6,19,28,1214,4812,5414,106,786940
fd00::206:6:6:6,19,28,5214,4884,5494,104,798140
fd00::206:6:6:6,19,28,1656,4956,4806,119,808780
fd00::206:6:6:6,19,28,684,5028,3694,155,819700
fd00::206:6:6:6,19,28,1043,5100,4403,130,833770
fd00::206:6:6:6,19,28,1065,5184,3515,191,843570
fd00::206:6:6:6,19,28,1144,5256,4364,131,856240
fd00::206:6:6:6,19,28,2064,5328,4444,129,864990
fd00::206:6:6:6,19,28,1444,5400,5994,96,878150
fd00::206:6:6:6,19,28,2154,5472,2714,212,887950
fd00::206:6:6:6,19,28,2304,5544,2934,196,897050
fd00::206:6:6:6,19,28,1264,5616,6514,88,908390
fd00::206:6:6:6,19,28,4354,5688,6874,83,919100
fd00::206:6:6:6,19,28,5134,5760,6884,83,929250
fd00::206:6:6:6,19,28,1367,5832,5847,98,939960
fd00::206:6:6:6,19,28,2077,5904,3057,188,955290
fd00::206:6:6:6,19,28,1244,5976,5724,100,967470
fd00::206:6:6:6,19,28,2374,6048,8184,70,973210
fd00::206:6:6:6,19,28,2744,6132,4424,151,984970
fd00::206:6:6:6,19,28,1914,6204,4364,131,997780
fd00::206:6:6:6,19,28,1644,6276,13194,43,1015070
fd00::206:6:6:6,19,29,2354,6348,7394,77,1018780
fd00::206:6:6:6,19,28,2927,6420,6147,93,1039220
fd00::206:6:6:6,39,58,2734,6504,5114,131,1059170
fd00::206:6:6:6,19,28,2254,6576,15204,37,1066100
fd00::206:6:6:6,19,28,864,6648,6394,90,1076390
fd00::206:6:6:6,19,28,2764,6720,8154,70,1082900
fd00::206:6:6:6,19,29,4174,6792,5154,111,1092910
fd00::206:6:6:6,19,28,6494,6864,8454,68,1105090
fd00::206:6:6:6,19,28,3294,6948,4694,143,1115380
fd00::206:6:6:6,19,28,1693,7020,3163,182,1125880
fd00::206:6:6:6,19,28,3384,7092,4014,143,1136660
fd00::206:6:6:6,19,28,1437,7164,5707,100,1147580
fd00::206:6:6:6,19,28,954,7236,3334,172,1158710
fd00::206:6:6:6,19,28,3344,7308,5514,104,1169490
fd00::206:6:6:6,19,28,1324,7380,4824,119,1185170
fd00::206:6:6:6,19,28,1474,7452,5394,106,1195460
fd00::206:6:6:6,19,28,1004,7536,4644,144,1204980
fd00::206:6:6:6,19,28,1994,7608,4234,136,1218770
fd00::206:6:6:6,19,28,2914,7680,6904,83,1226960
fd00::206:6:6:6,19,28,1454,7752,5514,104,1235990
fd00::206:6:6:6,19,28,1954,7824,8954,64,1249360
fd00::206:6:6:6,19,28,2034,7896,7284,79,1257620
fd00::206:6:6:6,19,28,1274,7968,4564,126,1267770
fd00::206:6:6:6,19,28,1284,8040,5694,101,1278760
fd00::206:6:6:6,19,28,4024,8112,5494,104,1293180
fd00::206:6:6:6,19,28,4594,8184,15024,38,1308370
fd00::206:6:6:6,19,28,1314,8256,8454,68,1313270
fd00::206:6:6:6,19,28,1614,8340,3154,213,1326080
fd00::206:6:6:6,19,28,2044,8412,5544,103,1337000
fd00::206:6:6:6,19,28,2055,8484,6465,89,1346660
fd00::206:6:6:6,19,28,1994,8556,7314,78,1357370
fd00::206:6:6:6,19,28,1654,8628,3614,159,1366470
fd00::206:6:6:6,19,28,1314,8700,5724,100,1377110
fd00::206:6:6:6,19,28,1534,8772,7274,79,1395100
fd00::206:6:6:6,19,28,1824,8844,5324,108,1398950
fd00::206:6:6:6,19,28,2044,8916,3724,154,1409870
fd00::206:6:6:6,19,28,1494,8988,8004,71,1427580
fd00::206:6:6:6,19,28,1924,9060,8644,66,1431710
fd00::206:6:6:6,19,28,1804,9144,4884,137,1445290
fd00::206:6:6:6,19,29,1325,9216,4895,117,1455580
fd00::206:6:6:6,19,28,4134,9288,4895,117,1476370
fd00::206:6:6:6,19,28,2114,9360,8834,65,1479940
fd00::206:6:6:6,19,28,2967,9432,7307,78,1487430
fd00::206:6:6:6,19,28,5844,9504,8014,71,1503740
fd00::206:6:6:6,19,28,5734,9720,25816,66,1535870
fd00::206:6:6:6,98,146,22925,9828,22906,37,1592290
fd00::206:6:6:6,727,5212,3754,10164,4174,643,2007040
fd00::206:6:6:6,1475,2626,8725,11388,9705,1008,2852430
fd00::206:6:6:6,19,28,20775,11460,29105,19,2869580
fd00::206:6:6:6,19,28,18613,11532,22883,25,2880500
fd00::206:6:6:6,19,28,22265,11604,24995,23,2885260
fd00::206:6:6:6,19,28,23195,11808,23674,68,2927750
fd00::207:7:7:7,207,2209,0,60,1,480000,115290
fd00::207:7:7:7,18,26,274,132,1184,486,125930
fd00::207:7:7:7,18,26,564,204,2524,228,136220
fd00::207:7:7:7,18,26,364,276,714,806,147560
fd00::207:7:7:7,18,26,304,348,1004,573,157220
fd00::207:7:7:7,18,26,244,420,1084,531,167650
fd00::207:7:7:7,18,26,954,492,2424,237,178150
fd00::207:7:7:7,18,26,474,564,2434,236,188650
fd00::207:7:7:7,18,26,414,636,5314,108,199080
fd00::207:7:7:7,18,26,914,708,1894,304,213710
fd00::207:7:7:7,18,26,437,780,3797,151,223580
fd00::207:7:7:7,18,26,454,864,3737,179,243390
fd00::207:7:7:7,18,26,535,936,6695,86,247100
fd00::207:7:7:7,18,26,684,1008,2084,276,252350
fd00::207:7:7:7,18,26,554,1080,4824,119,266280
fd00::207:7:7:7,18,26,494,1152,3854,149,274330
fd00::207:7:7:7,18,26,574,1224,854,674,282870
fd00::207:7:7:7,18,26,304,1296,3524,163,293580
fd00::207:7:7:7,18,26,244,1368,3464,166,304290
fd00::207:7:7:7,18,25,394,1440,3464,166,316960
fd00::207:7:7:7,18,26,1384,1512,3134,183,324800
fd00::207:7:7:7,18,26,343,1584,4543,126,335580
fd00::207:7:7:7,18,26,984,1656,1614,356,345800
fd00::207:7:7:7,18,27,294,1728,1764,326,356440
fd00::207:7:7:7,18,26,514,1800,864,666,366800
fd00::207:7:7:7,18,26,524,1872,2204,261,377230
fd00::207:7:7:7,18,26,184,1944,3684,156,387870
fd00::207:7:7:7,18,26,474,2016,2014,285,398230
fd00::207:7:7:7,18,26,274,2088,2024,284,412440
fd00::207:7:7:7,18,27,354,2160,3854,149,419720
fd00::207:7:7:7,18,26,505,2232,1975,291,429590
fd00::207:7:7:7,18,26,584,2304,1564,368,441070
fd00::207:7:7:7,18,26,314,2376,1154,499,453950
fd00::207:7:7:7,18,26,544,2460,4324,155,464380
fd00::207:7:7:7,18,26,554,2532,1744,330,471800
fd00::207:7:7:7,18,26,494,2604,4834,119,484890
fd00::207:7:7:7,18,26,994,2676,1344,428,492450
fd00::207:7:7:7,18,26,934,2748,1634,352,504770
fd00::207:7:7:7,18,26,1087,2820,1927,298,513590
fd00::207:7:7:7,18,26,254,2892,3054,188,523880
fd00::207:7:7:7,18,26,684,2964,1174,490,534310
fd00::207:7:7:7,18,26,764,3036,2374,242,545020
fd00::207:7:7:7,18,26,635,3108,3435,167,555380
fd00::207:7:7:7,18,26,714,3180,1064,541,565740
fd00::207:7:7:7,18,27,3032,3252,7232,79,578550
fd00::207:7:7:7,18,26,3674,3324,3884,148,586670
fd00::207:7:7:7,18,27,956,3396,1096,525,597170
fd00::207:7:7:7,18,26,1104,3468,3484,165,607670
fd00::207:7:7:7,18,26,624,3540,764,753,618100
fd00::207:7:7:7,18,27,1684,3612,5394,106,628600
fd00::207:7:7:7,18,26,574,3684,924,623,639100
fd00::207:7:7:7,18,26,864,3756,934,616,649530
fd00::207:7:7:7,18,26,594,3828,2904,198,662970
fd00::207:7:7:7,18,27,1024,3900,3054,188,671930
fd00::207:7:7:7,18,27,694,3984,1394,482,681450
fd00::207:7:7:7,18,26,1334,4056,1754,328,696430
fd00::207:7:7:7,18,26,854,4128,3164,182,703220
fd00::207:7:7:7,18,26,1144,4200,1354,425,712390
fd00::207:7:7:7,18,26,734,4272,3534,162,723940
fd00::207:7:7:7,18,26,674,4344,1864,309,738920
fd00::207:7:7:7,18,26,684,4416,824,699,743820
fd00::207:7:7:7,18,26,1114,4488,5384,106,755440
fd00::207:7:7:7,18,26,914,4560,1054,546,764820
fd00::207:7:7:7,18,26,4424,4632,6314,91,776580
fd00::207:7:7:7,18,27,2264,4704,2754,209,785750
fd00::207:7:7:7,18,26,2344,4776,9064,63,803530
fd00::207:7:7:7,18,27,1306,4848,3686,156,806680
fd00::207:7:7:7,18,26,964,4920,2994,192,817180
fd00::207:7:7:7,18,26,1253,4992,2443,235,827680
fd00::207:7:7:7,18,26,914,5064,3084,186,838110
fd00::207:7:7:7,18,26,855,5136,1275,451,848610
fd00::207:7:7:7,18,26,794,5208,4434,129,859110
fd00::207:7:7:7,18,26,594,5280,1154,499,869540
fd00::207:7:7:7,18,26,604,5352,814,707,880530
fd00::207:7:7:7,18,27,3074,5496,6084,189,901250
fd00::207:7:7:7,18,27,2524,5568,3924,146,911470
fd00::207:7:7:7,18,26,864,5652,2744,244,929460
fd00::207:7:7:7,18,26,877,5724,2627,219,933800
fd00::207:7:7:7,18,26,887,5796,4177,137,945560
fd00::207:7:7:7,18,26,1174,5868,3414,168,953610
fd00::207:7:7:7,18,26,834,5940,4124,139,965090
fd00::207:7:7:7,18,26,2384,6012,2734,210,975590
fd00::207:7:7:7,18,27,644,6084,3094,186,986300
fd00::207:7:7:7,18,27,724,6156,1984,290,995260
fd00::207:7:7:7,18,26,1224,6228,4234,136,1005760
fd00::207:7:7:7,18,27,2004,6300,6834,84,1017170
fd00::207:7:7:7,18,26,477,6372,3137,183,1027460
fd00::207:7:7:7,18,26,627,6444,2377,242,1037190
fd00::207:7:7:7,18,26,704,6516,3644,158,1047620
fd00::207:7:7:7,18,26,854,6588,5264,109,1058120
fd00::207:7:7:7,18,27,724,6660,4574,125,1068620
fd00::207:7:7:7,18,26,454,6732,5144,111,1079050
fd00::207:7:7:7,18,26,744,6804,2214,260,1090320
fd00::207:7:7:7,18,26,1174,6876,1524,377,1100750
fd00::207:7:7:7,18,26,214,6960,3574,188,1114750
fd00::207:7:7:7,18,26,214,7020,3574,134,1123850
fd00::207:7:7:7,18,26,164,7104,234,2871,1136170
fd00::207:7:7:7,18,26,457,7176,1717,335,1142960
fd00::207:7:7:7,18,26,394,7248,2774,207,1153950
fd00::207:7:7:7,18,26,474,7320,824,699,1162910
fd00::207:7:7:7,18,26,554,7392,2794,206,1173340
fd00::207:7:7:7,18,26,424,7464,704,818,1183840
fd00::207:7:7:7,18,26,434,7536,574,1003,1194410
fd00::207:7:7:7,18,26,654,7608,1144,503,1204770
fd00::207:7:7:7,18,26,524,7680,734,784,1215270
fd00::207:7:7:7,18,26,394,7752,1514,380,1226330
fd00::207:7:7:7,18,26,404,7824,2154,267,1236480
fd00::207:7:7:7,18,26,484,7896,1534,375,1246840
fd00::207:7:7:7,18,26,844,7968,4274,134,1257200
fd00::207:7:7:7,18,26,644,8040,3794,151,1267630
fd00::207:7:7:7,18,26,304,8112,4434,129,1278130
fd00::207:7:7:7,18,26,384,8184,3534,162,1288630
fd00::207:7:7:7,18,26,464,8256,2284,252,1299060
fd00::207:7:7:7,18,27,264,8328,2294,251,1309700
fd00::207:7:7:7,18,26,414,8400,4404,130,1320006
fd00::207:7:7:7,18,27,434,8484,4214,159,1334270
fd00::207:7:7:7,18,26,445,8556,2545,226,1342810
fd00::207:7:7:7,18,27,804,8628,1014,568,1352400
fd00::207:7:7:7,18,26,604,8700,814,707,1363460
fd00::207:7:7:7,18,26,544,8772,4814,119,1374870
fd00::207:7:7:7,18,26,834,8844,2794,206,1382920
fd00::207:7:7:7,18,26,284,8916,3084,186,1393420
fd00::207:7:7:7,18,26,574,8988,1764,326,1403920
fd00::207:7:7:7,18,25,374,9060,2684,214,1414350
fd00::207:7:7:7,18,26,454,9132,6264,91,1426320
fd00::207:7:7:7,18,26,254,9204,1374,419,1435280
fd00::207:7:7:7,18,26,404,9276,5654,101,1447110
fd00::207:7:7:7,18,26,345,9348,765,752,1456210
fd00::207:7:7:7,18,26,424,9420,2174,264,1473360
fd00::207:7:7:7,18,26,294,9492,4354,132,1477140
fd00::207:7:7:7,18,26,657,9564,937,614,1487640
fd00::207:7:7:7,3771,5990,534,11160,937,13626,3593310
fd00::208:8:8:8,283,2838,0,60,1,480000,157010
fd00::208:8:8:8,18,26,874,132,1434,401,167510
fd00::208:8:8:8,18,27,2074,204,5364,107,178010
fd00::208:8:8:8,18,26,1104,276,3694,155,188580
fd00::208:8:8:8,18,26,2024,348,5524,104,198940
fd00::208:8:8:8,18,26,1264,420,2664,216,209930
fd00::208:8:8:8,18,27,927,492,3867,148,219940
fd00::208:8:8:8,18,26,517,564,3807,151,246540
fd00::208:8:8:8,18,26,675,648,7185,93,247450
fd00::208:8:8:8,18,26,1174,720,3204,179,254380
fd00::208:8:8:8,18,26,1114,792,6224,92,266560
fd00::208:8:8:8,18,26,774,864,3924,146,273980
fd00::208:8:8:8,18,26,1204,936,3164,182,285180
fd00::208:8:8:8,18,26,1284,1008,4014,143,297150
fd00::208:8:8:8,18,26,1014,1080,3534,162,303800
fd00::208:8:8:8,18,26,744,1152,6694,86,317030
fd00::208:8:8:8,18,26,1524,1224,3204,179,324730
fd00::208:8:8:8,18,26,1323,1296,4893,117,335230
fd00::208:8:8:8,18,26,2664,1368,4344,132,345730
fd00::208:8:8:8,18,27,784,1440,5264,109,356370
fd00::208:8:8:8,18,26,794,1512,1004,573,366660
fd00::208:8:8:8,18,26,1294,1584,2274,253,377160
fd00::208:8:8:8,18,26,464,1656,3894,147,387800
fd00::208:8:8:8,18,26,684,1728,2294,251,398160
fd00::208:8:8:8,18,26,554,1800,2794,206,412230
fd00::208:8:8:8,18,26,494,1872,3924,146,419090
fd00::208:8:8:8,18,26,1065,1944,2325,247,429870
fd00::208:8:8:8,18,26,1004,2016,2544,226,444990
fd00::208:8:8:8,18,26,874,2088,5284,109,454160
fd00::208:8:8:8,18,26,894,2172,4464,150,464520
fd00::208:8:8:8,18,26,834,2244,2164,266,473410
fd00::208:8:8:8,18,27,984,2316,4974,115,485030
fd00::208:8:8:8,18,26,1204,2388,1904,302,492800
fd00::208:8:8:8,18,26,1284,2460,4504,127,505120
fd00::208:8:8:8,18,26,1297,2532,2767,208,513870
fd00::208:8:8:8,18,26,954,2604,3964,145,524090
fd00::208:8:8:8,18,26,1594,2676,1734,332,535080
fd00::208:8:8:8,18,26,1254,2748,2514,229,545160
fd00::208:8:8:8,18,26,985,2820,3645,158,556150
fd00::208:8:8:8,18,26,2324,2892,3584,160,565880
fd00::208:8:8:8,18,26,3942,2964,7582,75,578760
fd00::208:8:8:8,18,26,4024,3036,8434,68,589260
fd00::208:8:8:8,18,27,1586,3108,2776,207,597590
fd00::208:8:8:8,18,26,1594,3180,3554,162,607810
fd00::208:8:8:8,18,26,1324,3252,5384,106,620480
fd00::208:8:8:8,18,26,2384,3324,5464,105,628950
fd00::208:8:8:8,18,26,994,3396,2464,233,639310
fd00::208:8:8:8,18,26,2334,3468,3104,185,649740
fd00::208:8:8:8,18,26,2414,3540,3254,177,663110
fd00::208:8:8:8,18,26,3194,3612,3754,153,675360
fd00::208:8:8:8,18,26,4044,3684,6004,95,684670
fd00::208:8:8:8,18,26,7554,3756,8814,65,696500
fd00::208:8:8:8,18,26,5254,3828,6584,87,703360
fd00::208:8:8:8,18,27,1564,3912,1984,338,713300
fd00::208:8:8:8,18,26,1084,3984,3674,156,724290
fd00::208:8:8:8,18,26,1094,4056,3674,156,738990
fd00::208:8:8:8,18,26,1454,4128,1594,361,744100
fd00::208:8:8:8,18,26,1394,4200,6994,82,757050
fd00::208:8:8:8,18,26,1474,4272,1894,304,765030
fd00::208:8:8:8,18,26,4704,4344,6524,88,776930
fd00::208:8:8:8,18,26,2824,4416,3174,181,786240
fd00::208:8:8:8,18,26,2694,4488,13474,42,803600
fd00::208:8:8:8,18,26,1726,4560,3756,153,806960
fd00::208:8:8:8,18,26,2364,4632,3344,172,817460
fd00::208:8:8:8,18,26,1463,4704,3213,179,827960
fd00::208:8:8:8,18,26,1334,4776,3434,167,838460
fd00::208:8:8:8,18,26,1345,4848,1625,354,848890
fd00::208:8:8:8,18,26,1214,4920,4504,127,859390
fd00::208:8:8:8,18,26,944,4992,4934,116,869890
fd00::208:8:8:8,18,26,1094,5064,4104,140,886830
fd00::208:8:8:8,18,27,4534,5136,7264,79,896000
fd00::208:8:8:8,18,26,3844,5208,6154,93,901670
fd00::208:8:8:8,18,27,3364,5280,4274,134,912030
fd00::208:8:8:8,18,26,2674,5352,3234,178,929950
fd00::208:8:8:8,18,26,1017,5436,2697,249,934220
fd00::208:8:8:8,18,26,1587,5508,4807,119,946190
fd00::208:8:8:8,18,26,1454,5580,3484,165,954240
fd00::208:8:8:8,18,26,2024,5652,4194,137,965160
fd00::208:8:8:8,18,26,4274,5724,5674,101,975730
fd00::208:8:8:8,18,26,1624,5796,4284,134,986650
fd00::208:8:8:8,18,27,1424,5868,2824,203,995820
fd00::208:8:8:8,18,27,2064,5940,4304,133,1007440
fd00::208:8:8:8,18,27,2774,6012,6904,83,1017660
fd00::208:8:8:8,18,26,897,6084,3347,172,1029980
fd00::208:8:8:8,18,26,1607,6156,2447,235,1040006
fd00::208:8:8:8,18,26,1054,6228,3714,155,1048110
fd00::208:8:8:8,18,26,1204,6300,5334,107,1064490
fd00::208:8:8:8,18,27,1004,6372,4644,124,1069040
fd00::208:8:8:8,18,26,1294,6444,5214,110,1079540
fd00::208:8:8:8,18,26,1024,6516,2284,252,1090740
fd00::208:8:8:8,18,27,3414,6588,3834,150,1102220
fd00::208:8:8:8,18,26,3916,6660,4406,130,1114820
fd00::208:8:8:8,18,26,1124,6732,5114,112,1123990
fd00::208:8:8:8,18,26,514,6816,4224,159,1136240
fd00::208:8:8:8,18,26,667,6888,2697,213,1147230
fd00::208:8:8:8,18,26,1024,6960,2844,202,1154650
fd00::208:8:8:8,18,26,754,7032,1384,416,1163400
fd00::208:8:8:8,18,26,904,7104,3144,183,1174180
fd00::208:8:8:8,18,26,984,7176,2104,273,1184680
fd00::208:8:8:8,18,26,924,7248,2254,255,1194830
fd00::208:8:8:8,18,26,1004,7320,2124,271,1205610
fd00::208:8:8:8,18,26,944,7392,1854,310,1215970
fd00::208:8:8:8,18,26,2004,7464,2144,268,1226540
fd00::208:8:8:8,18,26,614,7536,2224,258,1236760
fd00::208:8:8:8,18,26,764,7608,1604,359,1247750
fd00::208:8:8:8,18,27,1194,7680,5044,114,1257760
fd00::208:8:8:8,18,26,924,7752,3864,149,1268470
fd00::208:8:8:8,18,26,654,7824,4504,127,1278690
fd00::208:8:8:8,18,26,734,7896,3604,159,1292200
fd00::208:8:8:8,18,27,604,7968,2494,230,1299690
fd00::208:8:8:8,18,26,1174,8040,4044,142,1314460
fd00::208:8:8:8,18,26,3004,8112,4544,126,1324190
fd00::208:8:8:8,18,26,644,8196,4354,154,1334900
fd00::208:8:8:8,18,27,865,8268,2895,198,1342950
fd00::208:8:8:8,18,27,1154,8340,1574,365,1352750
fd00::208:8:8:8,18,26,1304,8412,3754,153,1364230
fd00::208:8:8:8,18,26,1034,8484,4954,116,1375220
fd00::208:8:8:8,18,26,1464,8556,3984,144,1385580
fd00::208:8:8:8,18,26,1404,8628,3364,171,1394470
fd00::208:8:8:8,18,26,924,8700,2324,247,1404620
fd00::208:8:8:8,18,26,794,8772,2754,209,1414980
fd00::208:8:8:8,18,26,4514,8844,6404,89,1426670
fd00::208:8:8:8,18,26,954,8916,1514,380,1436260
fd00::208:8:8:8,18,26,684,8988,5934,97,1447180
fd00::208:8:8:8,18,26,555,9060,3775,152,1456910
fd00::208:8:8:8,18,26,844,9132,6024,95,1474270
fd00::208:8:8:8,18,26,434,9204,4984,115,1478120
fd00::208:8:8:8,18,26,867,9276,4997,115,1489740
fd00::209:9:9:9,38,55,0,60,1,480000,21490
fd00::209:9:9:9,19,27,44,132,744,774,32060
fd00::209:9:9:9,19,27,54,204,194,2969,42630
fd00::209:9:9:9,19,27,64,276,554,1039,53200
fd00::209:9:9:9,19,27,74,348,214,2691,63770
fd00::209:9:9:9,19,27,14,420,294,1959,74340
fd00::209:9:9:9,19,27,1144,492,1214,474,84910
fd00::209:9:9:9,19,27,34,564,1714,336,95690
fd00::209:9:9:9,19,27,44,636,534,1078,106050
fd00::209:9:9:9,19,27,54,708,2854,201,116690
fd00::209:9:9:9,19,27,64,780,1114,517,127190
fd00::209:9:9:9,19,27,1124,852,2594,222,137760
fd00::209:9:9:9,19,27,14,924,644,894,148330
fd00::209:9:9:9,19,27,24,996,3104,185,158900
fd00::209:9:9:9,19,27,114,1140,4244,271,184030
fd00::209:9:9:9,19,27,64,1224,3004,223,193060
fd00::209:9:9:9,19,26,74,1296,2804,205,203070
fd00::209:9:9:9,19,28,17,1368,1417,406,213150
fd00::209:9:9:9,19,27,27,1440,4227,136,224280
fd00::209:9:9:9,19,27,34,1512,2624,219,236740
fd00::209:9:9:9,19,28,45,1584,5925,97,245980
fd00::209:9:9:9,19,28,54,1656,3974,144,257460
fd00::209:9:9:9,19,27,64,1728,764,753,266630
fd00::209:9:9:9,19,28,74,1800,6304,91,276360
fd00::209:9:9:9,19,28,14,1872,2044,281,285740
fd00::209:9:9:9,19,28,24,1944,1774,324,296310
fd00::209:9:9:9,19,27,34,2016,2554,225,306950
fd00::209:9:9:9,19,28,44,2088,3894,147,317450
fd00::209:9:9:9,19,27,54,2160,3974,144,328020
fd00::209:9:9:9,19,27,693,2232,1533,375,338940
fd00::209:9:9:9,19,27,844,2304,3784,152,349160
fd00::209:9:9:9,19,27,14,2376,2324,247,359800
fd00::209:9:9:9,19,27,34,2460,3744,179,373800
fd00::209:9:9:9,19,27,44,2532,2004,287,382340
fd00::209:9:9:9,19,27,54,2604,3064,187,395640
fd00::209:9:9:9,704,4584,24,2880,1704,1295,786590
fd00::209:9:9:9,323,1270,74,3180,1544,1554,972860
fd00::209:9:9:9,19,27,14,3252,4844,118,985670
fd00::209:9:9:9,19,27,24,3324,864,666,995890
fd00::209:9:9:9,19,27,34,3396,3394,169,1004570
fd00::209:9:9:9,19,27,44,3468,1304,441,1015700
fd00::209:9:9:9,19,27,57,3540,2997,192,1025920
fd00::209:9:9:9,19,27,2587,3612,3147,183,1036700
fd00::209:9:9:9,19,27,74,3684,1544,373,1049650
fd00::209:9:9:9,19,28,224,3756,5054,113,1057420
fd00::209:9:9:9,19,27,514,3828,1144,503,1068200
fd00::209:9:9:9,19,27,34,3900,3324,173,1078560
fd00::209:9:9:9,19,27,114,3972,674,854,1089130
fd00::209:9:9:9,19,27,54,4044,474,1215,1104460
fd00::209:9:9:9,19,27,74,4128,6584,102,1116640
fd00::209:9:9:9,19,27,13,4200,4703,122,1124760
fd00::209:9:9:9,19,27,24,4272,2894,199,1132950
fd00::209:9:9:9,19,27,37,4344,2894,199,1145480
fd00::209:9:9:9,285,551,54,4596,3764,535,1303820
fd00::209:9:9:9,19,27,64,4668,694,829,1311240
fd00::209:9:9:9,19,27,74,4740,694,829,1329230
fd00::209:9:9:9,285,506,27,4992,2197,917,1482250
fd00::209:9:9:9,19,27,34,5064,6194,92,1496250
fd00::209:9:9:9,19,27,34,5124,6194,77,1501710
fd00::209:9:9:9,19,27,64,5280,2374,525,1522920
fd00::209:9:9:9,19,27,74,5352,4414,130,1534750
fd00::209:9:9:9,19,27,16,5424,4356,132,1544690
fd00::209:9:9:9,19,27,196,5208,39396,109020346,1553230
fd00::209:9:9:9,19,27,25,5496,3805,605,1555050
fd00::209:9:9:9,19,27,35,5568,1155,498,1564850
fd00::209:9:9:9,19,27,44,5640,7394,77,1577730
fd00::209:9:9:9,19,27,54,5712,3694,155,1586130
fd00::209:9:9:9,19,27,345,5784,1745,330,1599010
fd00::209:9:9:9,19,27,287,5856,1337,430,1607270
fd00::209:9:9:9,19,27,154,5928,2954,194,1618260
fd00::209:9:9:9,19,27,934,6000,4224,136,1628550
fd00::209:9:9:9,19,27,34,6072,314,1834,1638910
fd00::209:9:9:9,19,27,44,6144,6624,86,1649410
fd00::209:9:9:9,380,685,124,6468,194,13360,1860880
fd00::209:9:9:9,19,27,275,6540,1045,551,1872150
fd00::209:9:9:9,19,27,74,6612,2034,283,1882160
fd00::209:9:9:9,19,27,14,6684,3584,160,1893640
fd00::209:9:9:9,19,27,24,6756,5134,112,1908550
fd00::209:9:9:9,19,26,34,6828,2764,208,1913730
fd00::209:9:9:9,19,27,44,6900,5364,107,1925490
fd00::209:9:9:9,19,27,54,6972,5444,105,1940750
fd00::209:9:9:9,19,27,65,7044,2655,216,1947330
fd00::209:9:9:9,19,27,74,7116,1404,410,1956010
fd00::209:9:9:9,19,27,15,7188,4915,117,1966650
fd00::20a:a:a:a,146,1440,0,60,1,480000,81760
fd00::20a:a:a:a,18,26,734,132,1784,322,91980
fd00::20a:a:a:a,18,26,814,204,1374,419,102480
fd00::20a:a:a:a,18,26,474,276,2924,196,113050
fd00::20a:a:a:a,18,26,414,348,2724,211,123060
fd00::20a:a:a:a,18,26,1544,420,2664,216,133490
fd00::20a:a:a:a,18,26,294,492,1624,354,143150
fd00::20a:a:a:a,18,26,934,564,3244,177,153300
fd00::20a:a:a:a,18,26,384,636,5634,102,168210
fd00::20a:a:a:a,18,26,254,708,4314,133,174650
fd00::20a:a:a:a,18,26,1104,780,4324,133,184380
fd00::20a:a:a:a,18,26,1464,852,6294,91,196490
fd00::20a:a:a:a,18,26,564,924,3434,167,203980
fd00::20a:a:a:a,18,27,647,996,2817,204,217980
fd00::20a:a:a:a,18,26,1287,1068,5837,98,227150
fd00::20a:a:a:a,18,25,664,1140,6824,84,236950
fd00::20a:a:a:a,18,26,325,1212,6065,94,246260
fd00::20a:a:a:a,18,26,334,1284,7194,80,257600
fd00::20a:a:a:a,18,26,484,1356,7194,80,267890
fd00::20a:a:a:a,18,26,424,1428,7194,80,278880
fd00::20a:a:a:a,18,26,1344,1500,4144,138,286790
fd00::20a:a:a:a,18,26,1004,1572,3454,166,297360
fd00::20a:a:a:a,18,26,524,1644,4794,120,306880
fd00::20a:a:a:a,18,26,1444,1716,5364,107,317100
fd00::20a:a:a:a,1210,5792,5124,2352,5364,948,998620
fd00::20a:a:a:a,18,26,1364,2424,3464,166,1008980
fd00::20a:a:a:a,18,26,1164,2496,1654,348,1018990
fd00::20a:a:a:a,18,26,6777,2616,16017,59,1037330
fd00::20a:a:a:a,18,25,3077,2688,7907,72,1039780
fd00::20a:a:a:a,18,26,354,2760,1964,293,1054270
fd00::20a:a:a:a,18,26,434,2832,5404,106,1063440
fd00::20a:a:a:a,18,26,934,2904,5694,101,1069880
fd00::20a:a:a:a,733,2963,237,3432,5994,704,1487780
fd00::20a:a:a:a,18,26,1294,3504,6334,90,1500730
fd00::20a:a:a:a,18,25,2423,3576,17123,33,1518090
fd00::20a:a:a:a,18,26,966,3648,17123,33,1518440
fd00::20a:a:a:a,18,25,436,3864,7494,230,1553300
fd00::20a:a:a:a,18,26,165,3936,4365,131,1558900
fd00::20a:a:a:a,18,26,385,4008,1645,350,1577590
fd00::20a:a:a:a,18,26,1444,4080,7674,75,1579830
fd00::20a:a:a:a,18,26,264,4152,3764,153,1591660
fd00::20a:a:a:a,18,26,485,4224,1955,294,1599920
fd00::20a:a:a:a,18,25,497,4296,7217,79,1612870
fd00::20a:a:a:a,18,26,854,4368,3024,190,1624000
fd00::20a:a:a:a,18,26,1144,4440,4294,134,1635270
fd00::20a:a:a:a,18,25,454,4512,5354,107,1646680
fd00::20a:a:a:a,18,25,1724,4584,6764,85,1656830
fd00::20a:a:a:a,18,26,1244,4656,6914,83,1665930
fd00::20a:a:a:a,421,2098,444,4992,5204,516,1908620
fd00::20a:a:a:a,18,26,314,5064,2834,203,1915690
fd00::20a:a:a:a,18,26,254,5136,5434,105,1926260
fd00::20a:a:a:a,18,26,4184,5208,11674,49,1942570
fd00::20a:a:a:a,18,26,415,5280,2725,211,1948450
fd00::20a:a:a:a,18,26,354,5352,1684,342,1956150
fd00::20a:a:a:a,18,26,1205,5424,4985,115,1966580
fd00::20a:a:a:a,18,26,1774,5496,5904,97,1994230
fd00::20b:b:b:b,437,4198,0,60,1,480000,246120
fd00::20b:b:b:b,18,26,2364,132,7334,78,257390
fd00::20b:b:b:b,18,26,2364,192,7334,65,266770
fd00::20b:b:b:b,18,26,3214,264,6994,82,277690
fd00::20b:b:b:b,18,26,2604,348,6174,108,286580
fd00::20b:b:b:b,18,26,2264,420,5974,96,296240
fd00::20b:b:b:b,18,26,1924,492,6124,94,306460
fd00::20b:b:b:b,18,26,1924,552,6124,78,315490
fd00::20b:b:b:b,18,26,2364,636,5654,118,327180
fd00::20d:d:d:d,364,3580,0,60,1,480000,205660
fd00::20d:d:d:d,18,26,1977,132,7857,73,217910
fd00::20d:d:d:d,18,26,1977,192,7857,61,227010
fd00::20d:d:d:d,18,26,3177,264,7097,81,236880
fd00::20d:d:d:d,18,25,4304,336,7314,78,246190
fd00::20d:d:d:d,18,26,1454,420,7264,92,257530
fd00::20d:d:d:d,18,26,2234,492,6714,85,267820
fd00::20d:d:d:d,18,26,2524,564,7214,79,277480
fd00::20d:d:d:d,18,26,2184,636,5894,97,286650
fd00::20d:d:d:d,18,26,1984,708,5344,107,296800
fd00::20d:d:d:d,18,26,1294,780,4864,118,306600
fd00::20d:d:d:d,18,26,2704,852,5434,105,316400
fd00::20e:e:e:e,193,1912,0,60,1,480000,108080
fd00::20e:e:e:e,19,27,823,132,5094,113,118580
fd00::20e:e:e:e,19,27,823,252,5094,188,155960
fd00::20e:e:e:e,19,28,823,372,5094,188,161770
fd00::20e:e:e:e,58,85,1137,612,3307,580,218470
fd00::20e:e:e:e,1588,9070,6234,1092,7354,522,1123220
fd00::20e:e:e:e,678,1890,6693,1392,17823,134,1518160
fd00::20e:e:e:e,19,28,1876,1464,39466,14,1553160
fd00::210:10:10:10,307,2862,0,60,1,480000,175420
fd00::210:10:10:10,18,25,0,120,1,480000,184450
fd00::210:10:10:10,108,161,13498,912,4407,1437,1094100
fd00::210:10:10:10,234,402,2094,1164,6714,300,1246770
fd00::210:10:10:10,72,107,2094,1344,6714,214,1308650
fd00::210:10:10:10,18,26,8664,1476,6714,157,1325450
fd00::211:11:11:11,267,2712,0,60,1,480000,149170
fd00::211:11:11:11,19,27,0,240,1,1440000,186200
fd00::211:11:11:11,19,28,4394,312,7334,78,194670
fd00::211:11:11:11,19,28,8044,384,8604,66,206710
fd00::211:11:11:11,19,28,2314,456,7144,80,216160
fd00::211:11:11:11,19,28,6457,528,16467,34,227640
fd00::211:11:11:11,19,28,8217,600,13397,42,238700
fd00::211:11:11:11,19,27,6824,732,14594,72,258720
fd00::211:11:11:11,19,28,7194,804,9294,61,265860
fd00::211:11:11:11,19,27,3084,888,5394,124,276780
fd00::211:11:11:11,19,27,3084,948,5394,88,287000
fd00::211:11:11:11,19,28,3034,1032,4994,134,297780
fd00::211:11:11:11,19,27,5704,1104,7524,76,308350
fd00::211:11:11:11,19,28,4874,1176,5154,111,318780
fd00::211:11:11:11,19,28,5304,1248,7404,77,329350
fd00::211:11:11:11,19,28,3493,1320,6853,84,346570
fd00::211:11:11:11,19,27,3784,1452,7774,135,365540
fd00::211:11:11:11,19,27,7234,1524,8634,66,378420
fd00::211:11:11:11,19,27,7234,1584,8634,55,386820
fd00::211:11:11:11,19,27,5224,1668,7044,95,394240
fd00::211:11:11:11,19,27,6844,1740,7124,80,409080
fd00::211:11:11:11,19,28,6844,1800,7124,67,419370
fd00::211:11:11:11,19,28,5184,1872,9944,57,432950
fd00::211:11:11:11,19,28,5615,1944,13455,42,438900
fd00::211:11:11:11,19,28,4234,2028,8854,75,454860
fd00::211:11:11:11,19,27,2144,2160,6974,151,477540
fd00::211:11:11:11,19,27,6574,2244,16584,40,486640
fd00::211:11:11:11,19,27,3784,2316,7074,81,489160
fd00::211:11:11:11,19,27,5964,2388,6384,90,499030
fd00::211:11:11:11,19,27,6604,2460,9754,59,509950
fd00::211:11:11:11,19,27,5147,2532,5847,98,525420
fd00::211:11:11:11,19,27,5154,2604,7814,73,534240
fd00::211:11:11:11,19,27,6634,2676,8384,68,545230
fd00::211:11:11:11,19,28,7134,2748,7834,73,558390
fd00::211:11:11:11,19,27,3785,2880,8755,120,578900
fd00::211:11:11:11,19,27,8772,2952,16822,34,587020
fd00::211:11:11:11,19,27,6544,3024,8574,67,597450
fd00::211:11:11:11,19,27,4596,3096,7676,75,605640
fd00::211:11:11:11,19,27,3844,3180,9234,72,619290
fd00::211:11:11:11,19,27,3014,3252,8474,67,629720
fd00::211:11:11:11,19,27,3164,3324,7434,77,638190
fd00::211:11:11:11,19,28,4574,3396,7094,81,647710
fd00::211:11:11:11,19,28,2694,3468,5844,98,658070
fd00::211:11:11:11,19,27,2704,3600,5434,194,687120
fd00::211:11:11:11,19,27,5734,3672,8114,70,690900
fd00::211:11:11:11,19,27,5394,3744,5884,97,705600
fd00::211:11:11:11,19,27,3024,3816,6664,86,716590
fd00::211:11:11:11,19,27,5204,3888,7724,74,727090
fd00::211:11:11:11,19,27,4164,3960,7594,75,734300
fd00::211:11:11:11,19,27,3054,4032,6274,91,745780
fd00::211:11:11:11,19,27,2444,4116,9304,72,759570
fd00::211:11:11:11,19,28,2664,4188,6094,94,766990
fd00::211:11:11:11,438,1254,4397,4620,13917,248,1042020
fd00::211:11:11:11,19,27,1887,4692,13227,43,1044820
fd00::211:11:11:11,19,28,7494,4764,17574,32,1059100
fd00::211:11:11:11,19,28,4144,4836,15904,36,1066450
fd00::211:11:11:11,19,28,2404,4908,6604,87,1076670
fd00::211:11:11:11,19,28,3464,4980,9274,62,1083040
fd00::211:11:11:11,19,28,7324,5052,9774,58,1094030
fd00::211:11:11:11,19,27,23714,5184,27424,38,1117830
fd00::211:11:11:11,19,28,8404,5268,14284,47,1125670
fd00::211:11:11:11,19,27,7993,5340,9183,62,1139320
fd00::211:11:11:11,19,27,4937,5424,9207,72,1149610
fd00::211:11:11:11,19,27,4937,5484,9207,52,1156610
fd00::211:11:11:11,19,28,6564,5568,8944,75,1169280
fd00::211:11:11:11,19,27,2724,5640,7554,76,1179360
fd00::211:11:11:11,19,28,7424,5712,8544,67,1188880
fd00::211:11:11:11,19,28,4424,5784,8694,66,1199310
fd00::211:11:11:11,19,28,8994,5916,9834,107,1222620
fd00::211:11:11:11,19,27,7044,5988,8514,67,1236690
fd00::211:11:11:11,19,28,3904,6060,8594,67,1248800
fd00::211:11:11:11,19,27,4684,6132,9234,62,1256360
fd00::211:11:11:11,19,28,3854,6204,6934,83,1265390
fd00::211:11:11:11,19,27,3024,6276,6664,86,1277290
fd00::211:11:11:11,19,28,5274,6348,8074,71,1285410
fd00::211:11:11:11,19,28,9134,6420,13054,44,1298220
fd00::211:11:11:11,19,28,5924,6492,13484,42,1308720
fd00::211:11:11:11,19,27,7404,6564,9224,62,1327760
fd00::211:11:11:11,305,897,4284,6768,9604,169,1487500
fd00::211:11:11:11,19,27,8497,6840,14517,39,1503390
fd00::211:11:11:11,19,28,9484,6912,16904,34,1531740
fd00::211:11:11:11,19,27,6986,7056,35603,32,1552250
fd00::212:12:12:12,379,576,0,300,1,2400000,474880
fd00::212:12:12:12,18,27,2104,372,5114,112,485380
fd00::212:12:12:12,18,26,2364,1212,2714,2476,1305990
fd00::212:12:12:12,132,195,7355,1344,7564,139,1329650
fd00::212:12:12:12,170,249,2144,1548,2564,636,1434790
fd00::213:13:13:13,570,3765,0,60,1,480000,317940
fd00::213:13:13:13,39,57,0,180,1,960000,355180
fd00::213:13:13:13,629,922,3536,384,5334,305,716450
fd00::213:13:13:13,19,27,6744,456,8284,69,722960
fd00::213:13:13:13,19,28,5424,528,7944,72,736190
fd00::213:13:13:13,19,28,4104,600,6344,90,746060
fd00::213:13:13:13,295,918,7024,948,7724,360,929740
fd00::213:13:13:13,19,28,6757,1020,7387,77,941080
fd00::213:13:13:13,19,27,7887,1092,8377,68,956830
fd00::213:13:13:13,19,27,4954,1164,8034,71,968240
fd00::213:13:13:13,334,1548,8454,1512,9854,282,1175300
