node,cpu_energy_mj,lpm_energy_mj,radio_tx_energy_mj,radio_rx_energy_mj,node_time,total_sent,total_received,bytes_tx,bytes_rx,r2n_latency,lqi,rssi,server_sent,server_received,server_bytes_rx,n2r_latency,hops,rtt_latency,root_time_now,throughput1,throughput2
fd00::202:2:2:2,37,0,0,410,20867,1,0,60,0,0,0,0,0,1,60,18446744073709551485,0,0,20736,0,0
fd00::202:2:2:2,18,0,0,205,31300,2,1,60,12,258,100,-87,1,3,60,18446744073709551490,0,59,31174,0,0
fd00::202:2:2:2,18,0,0,204,41733,3,2,60,12,157,100,-87,2,5,60,18446744073709551497,0,25,41614,0,0
fd00::202:2:2:2,18,0,0,204,52166,4,3,60,12,167,100,-87,3,7,60,18446744073709551495,0,29,52045,0,0
fd00::202:2:2:2,18,0,0,204,62599,5,4,60,12,153,100,-87,4,9,60,18446744073709551515,0,10,62498,0,0
fd00::202:2:2:2,18,0,0,205,73032,6,5,60,12,174,100,-87,5,11,60,18446744073709551516,0,31,72932,0,0
fd00::202:2:2:2,18,0,0,205,83465,7,6,60,12,167,100,-87,6,13,60,18446744073709551478,0,17,83327,0,0
fd00::202:2:2:2,18,0,0,205,93898,8,7,60,12,185,100,-87,7,15,60,18446744073709551489,0,42,93771,0,0
fd00::202:2:2:2,18,0,0,205,104331,9,8,60,12,167,100,-87,8,17,60,18446744073709551489,0,56,104204,0,0
fd00::202:2:2:2,18,0,0,204,114764,10,9,60,12,161,100,-87,9,19,60,18446744073709551481,0,26,114629,0,0
fd00::202:2:2:2,18,0,0,204,125197,11,10,60,12,172,100,-87,10,21,60,18446744073709551505,0,59,125086,0,0
fd00::202:2:2:2,18,0,0,205,135630,12,11,60,12,186,100,-87,11,23,60,18446744073709551479,0,35,135493,0,0
fd00::202:2:2:2,18,0,0,205,146063,13,12,60,12,187,100,-87,12,25,60,18446744073709551484,0,32,145931,0,0
fd00::202:2:2:2,18,0,0,205,156496,14,13,60,12,173,100,-87,13,27,60,18446744073709551477,0,24,156357,0,0
fd00::202:2:2:2,18,0,1,204,166929,15,14,60,12,190,100,-87,14,29,60,18446744073709551486,0,36,166799,0,0
fd00::202:2:2:2,18,0,0,204,177362,16,15,60,12,157,100,-87,15,31,60,18446744073709551512,0,23,177258,0,0
fd00::202:2:2:2,18,0,0,205,187795,17,16,60,12,244,100,-87,16,33,60,18446744073709551486,0,68,187665,0,0
fd00::202:2:2:2,18,0,0,205,198228,18,17,60,12,175,100,-87,17,35,60,18446744073709551498,0,23,198110,0,0
fd00::202:2:2:2,18,0,0,205,208661,19,18,60,12,185,100,-87,18,37,60,18446744073709551508,0,35,208553,0,0
fd00::202:2:2:2,18,0,0,204,219094,20,19,60,12,185,100,-87,19,39,60,18446744073709551482,0,41,218960,0,0
fd00::202:2:2:2,18,0,0,204,229527,21,20,60,12,180,100,-87,20,41,60,18446744073709551490,0,65,229401,0,0
fd00::202:2:2:2,18,0,0,205,239960,22,21,60,12,159,100,-87,21,43,60,18446744073709551514,0,12,239858,0,0
fd00::202:2:2:2,18,0,0,204,250393,23,23,60,12,187,100,-87,23,46,60,18446744073709551487,0,23,250264,0,0
fd00::202:2:2:2,18,0,0,205,260826,24,24,60,12,191,100,-87,24,48,60,18446744073709551500,0,32,260710,0,0
fd00::202:2:2:2,18,0,0,204,271259,25,25,60,12,164,100,-87,25,50,60,18446744073709551479,0,18,271122,0,0
fd00::202:2:2:2,18,0,0,204,281692,26,26,60,12,184,100,-87,26,52,60,18446744073709551480,0,22,281556,0,0
fd00::202:2:2:2,18,0,0,205,292125,27,27,60,12,153,100,-87,27,54,60,18446744073709551497,0,9,292006,0,0
fd00::202:2:2:2,18,0,0,205,302558,28,28,60,12,153,100,-87,28,56,60,18446744073709551499,0,21,302441,0,0
fd00::202:2:2:2,18,0,0,205,312991,29,29,60,12,174,100,-87,29,58,60,18446744073709551493,0,34,312868,0,0
fd00::202:2:2:2,18,0,0,204,323424,30,30,60,12,158,100,-87,30,60,60,18446744073709551503,0,25,323311,0,0
fd00::202:2:2:2,18,0,0,204,333857,31,31,60,12,153,100,-87,31,62,60,18446744073709551500,0,6,333741,0,0
fd00::202:2:2:2,18,0,0,205,344290,32,32,60,12,178,100,-87,32,64,60,18446744073709551480,0,32,344154,0,0
fd00::202:2:2:2,18,0,0,205,354723,33,33,60,12,220,100,-87,33,66,60,18446744073709551484,0,45,354591,0,0
fd00::202:2:2:2,18,0,0,205,365156,34,34,60,12,177,100,-87,34,68,60,18446744073709551515,0,33,365055,0,0
fd00::202:2:2:2,18,0,0,204,375589,35,35,60,12,188,100,-87,35,70,60,18446744073709551496,0,72,375469,0,0
fd00::202:2:2:2,18,0,0,204,386022,36,36,60,12,188,100,-87,36,72,60,18446744073709551480,0,24,385886,0,0
fd00::202:2:2:2,18,0,0,205,396455,37,37,60,12,154,100,-87,37,74,60,18446744073709551517,0,26,396356,0,0
fd00::202:2:2:2,18,0,0,205,406888,38,38,60,12,154,100,-87,38,76,60,18446744073709551497,0,51,406769,0,0
fd00::202:2:2:2,18,0,0,204,417321,39,39,60,12,178,100,-87,39,78,60,18446744073709551509,0,20,417214,0,0
fd00::202:2:2:2,18,0,0,205,427754,40,40,60,12,153,100,-87,40,80,60,18446744073709551497,0,14,427635,0,0
fd00::202:2:2:2,18,0,0,204,438187,41,41,60,12,166,100,-87,41,82,60,18446744073709551510,0,16,438081,0,0
fd00::202:2:2:2,18,0,0,204,448620,42,42,60,12,163,100,-87,42,84,60,18446744073709551483,0,29,448487,0,0
fd00::202:2:2:2,18,0,0,205,459053,43,43,60,12,184,100,-87,43,86,60,18446744073709551500,0,38,458937,0,0
fd00::202:2:2:2,18,0,0,205,469486,44,44,60,12,174,100,-87,44,88,60,18446744073709551498,0,19,469368,0,0
fd00::202:2:2:2,18,0,0,205,479919,45,45,60,12,183,100,-87,45,90,60,18446744073709551505,0,21,479808,0,0
fd00::202:2:2:2,18,0,1,204,490354,46,47,60,12,153,100,-87,47,93,60,18446744073709551487,0,25,490225,0,0
fd00::202:2:2:2,18,0,0,204,500785,47,48,60,12,191,100,-87,48,95,60,18446744073709551479,0,26,500648,0,0
fd00::202:2:2:2,18,0,0,205,511218,48,49,60,12,153,100,-87,49,97,60,18446744073709551505,0,15,511107,0,0
fd00::202:2:2:2,18,0,0,205,521651,49,50,60,12,185,100,-87,50,99,60,18446744073709551497,0,46,521532,0,0
fd00::202:2:2:2,18,0,0,204,532084,50,51,60,12,159,100,-87,51,101,60,18446744073709551514,0,16,531982,0,0
fd00::202:2:2:2,18,0,0,204,542517,51,52,60,12,191,100,-87,52,103,60,18446744073709551513,0,44,542414,0,0
fd00::202:2:2:2,18,0,0,205,552950,52,53,60,12,175,100,-87,53,105,60,18446744073709551509,0,22,552843,0,0
fd00::202:2:2:2,18,0,0,205,563383,53,54,60,12,159,100,-87,54,107,60,18446744073709551500,0,29,563267,0,0
fd00::202:2:2:2,18,0,0,205,573816,54,55,60,12,186,100,-87,55,109,60,18446744073709551515,0,27,573715,0,0
fd00::202:2:2:2,18,0,0,204,584249,55,56,60,12,180,100,-87,56,111,60,18446744073709551483,0,71,584116,0,0
fd00::202:2:2:2,18,0,0,204,594682,56,57,60,12,162,100,-87,57,113,60,18446744073709551481,0,19,594547,0,0
fd00::202:2:2:2,18,0,0,205,605115,57,58,60,12,162,100,-87,58,115,60,18446744073709551480,0,11,604979,0,0
fd00::202:2:2:2,18,0,0,205,615548,58,59,60,12,156,100,-87,59,117,60,18446744073709551514,0,8,615446,0,0
fd00::202:2:2:2,18,0,0,205,625981,59,60,60,12,156,100,-87,60,119,60,18446744073709551502,0,54,625867,0,0
fd00::202:2:2:2,18,0,0,205,636414,60,61,60,12,176,100,-87,61,121,60,18446744073709551487,0,24,636285,0,0
fd00::202:2:2:2,18,0,0,204,646847,61,62,60,12,169,100,-87,62,123,60,18446744073709551481,0,18,646712,0,0
fd00::202:2:2:2,18,0,0,204,657280,62,63,60,12,161,100,-87,63,125,60,18446744073709551487,0,28,657151,0,0
fd00::202:2:2:2,18,0,0,205,667713,63,64,60,12,179,100,-87,64,127,60,18446744073709551493,0,32,667590,0,0
fd00::202:2:2:2,18,0,0,205,678146,64,65,60,12,185,100,-87,65,129,60,18446744073709551492,0,26,678022,0,0
fd00::202:2:2:2,18,0,0,205,688579,65,66,60,12,153,100,-87,66,131,60,18446744073709551500,0,93,688463,0,0
fd00::202:2:2:2,18,0,0,204,699012,66,67,60,12,165,100,-87,67,133,60,18446744073709551480,0,22,698876,0,0
fd00::202:2:2:2,18,0,0,204,709445,67,68,60,12,170,100,-87,68,135,60,18446744073709551492,0,18,709321,0,0
fd00::202:2:2:2,18,0,0,205,719878,68,69,60,12,178,100,-87,69,137,60,18446744073709551489,0,72,719751,0,0
fd00::202:2:2:2,18,0,0,204,730311,69,71,60,12,154,100,-87,71,140,60,18446744073709551477,0,16,730172,0,0
fd00::202:2:2:2,18,0,0,204,740744,70,72,60,12,170,100,-87,72,142,60,18446744073709551516,0,26,740644,0,0
fd00::202:2:2:2,18,0,0,204,751177,71,73,60,12,186,100,-87,73,144,60,18446744073709551483,0,42,751044,0,0
fd00::202:2:2:2,18,0,0,205,761610,72,74,60,12,162,100,-87,74,146,60,18446744073709551503,0,53,761497,0,0
fd00::202:2:2:2,18,0,0,205,772043,73,75,60,12,180,100,-87,75,148,60,18446744073709551501,0,20,771928,0,0
fd00::202:2:2:2,18,0,0,205,782476,74,76,60,12,186,100,-87,76,150,60,18446744073709551489,0,32,782349,0,0
fd00::202:2:2:2,18,0,0,205,792909,75,77,60,12,181,100,-87,77,152,60,18446744073709551487,0,27,792780,0,0
fd00::202:2:2:2,18,0,0,204,803342,76,78,60,12,187,100,-87,78,154,60,18446744073709551487,0,30,803213,0,0
fd00::202:2:2:2,18,0,0,204,813775,77,79,60,12,182,100,-87,79,156,60,18446744073709551494,0,25,813653,0,0
fd00::202:2:2:2,18,0,0,205,824208,78,80,60,12,177,100,-87,80,158,60,18446744073709551493,0,35,824085,0,0
fd00::202:2:2:2,18,0,0,204,834641,79,81,60,12,265,100,-87,81,160,60,18446744073709551488,0,62,834513,0,0
fd00::202:2:2:2,18,0,0,204,845074,80,82,60,12,163,100,-87,82,162,60,18446744073709551487,0,61,844945,0,0
fd00::202:2:2:2,18,0,0,204,855507,81,83,60,12,232,100,-87,83,164,60,18446744073709551517,0,64,855408,0,0
fd00::202:2:2:2,18,0,0,204,865940,82,84,60,12,253,100,-87,84,166,60,18446744073709551479,0,65,865803,0,0
fd00::202:2:2:2,18,0,0,205,876373,83,85,60,12,177,100,-87,85,168,60,18446744073709551513,0,42,876270,0,0
fd00::202:2:2:2,18,0,0,205,886806,84,86,60,12,188,100,-87,86,170,60,18446744073709551514,0,27,886704,0,0
fd00::202:2:2:2,18,0,0,204,897239,85,87,60,12,186,100,-87,87,172,60,18446744073709551478,0,34,897101,0,0
fd00::202:2:2:2,18,0,0,204,907672,86,88,60,12,188,100,-87,88,174,60,18446744073709551508,0,35,907564,0,0
fd00::202:2:2:2,18,0,0,204,918105,87,89,60,12,156,100,-87,89,176,60,18446744073709551487,0,19,917976,0,0
fd00::202:2:2:2,18,0,0,205,928538,88,90,60,12,154,100,-87,90,178,60,18446744073709551480,0,52,928402,0,0
fd00::202:2:2:2,18,0,0,205,938971,89,91,60,12,165,100,-87,91,180,60,18446744073709551509,0,19,938864,0,0
fd00::202:2:2:2,18,0,0,205,949404,90,92,60,12,153,100,-87,92,182,60,18446744073709551492,0,24,949280,0,0
fd00::202:2:2:2,18,0,0,205,959837,91,93,60,12,182,100,-87,93,184,60,18446744073709551508,0,37,959729,0,0
fd00::202:2:2:2,18,0,1,204,970270,92,95,60,12,153,100,-87,95,187,60,18446744073709551495,0,9,970149,0,0
fd00::202:2:2:2,18,0,0,204,980703,93,96,60,12,169,100,-87,96,189,60,18446744073709551477,0,35,980564,0,0
fd00::202:2:2:2,18,0,0,205,991136,94,97,60,12,153,100,-87,97,191,60,18446744073709551514,0,18,991034,0,0
fd00::202:2:2:2,18,0,0,205,1001569,95,98,60,12,189,100,-87,98,193,60,18446744073709551492,0,34,1001445,0,0
fd00::202:2:2:2,18,0,0,204,1012002,96,99,60,12,187,100,-87,99,195,60,18446744073709551494,0,41,1011880,0,0
fd00::202:2:2:2,18,0,0,204,1022435,97,100,60,12,165,100,-87,100,197,60,18446744073709551510,0,47,1022329,0,0
fd00::202:2:2:2,18,0,0,205,1032868,98,101,60,12,173,100,-87,101,199,60,18446744073709551507,0,24,1032759,0,0
fd00::202:2:2:2,18,0,0,205,1043301,99,102,60,12,171,100,-87,102,201,60,18446744073709551509,0,62,1043194,0,0
fd00::202:2:2:2,18,0,0,205,1053734,100,103,60,12,165,100,-87,103,203,60,18446744073709551504,0,18,1053622,0,0
fd00::202:2:2:2,18,0,0,204,1064167,101,104,60,12,175,100,-87,104,205,60,18446744073709551500,0,21,1064051,0,0
fd00::202:2:2:2,18,0,0,204,1074600,102,105,60,12,166,100,-87,105,207,60,18446744073709551516,0,47,1074500,0,0
fd00::202:2:2:2,18,0,0,205,1085033,103,106,60,12,184,100,-87,106,209,60,18446744073709551494,0,25,1084911,0,0
fd00::202:2:2:2,18,0,0,205,1095466,104,107,60,12,156,100,-87,107,211,60,18446744073709551516,0,61,1095366,0,0
fd00::202:2:2:2,18,0,0,205,1105899,105,108,60,12,159,100,-87,108,213,60,18446744073709551510,0,19,1105793,0,0
fd00::202:2:2:2,18,0,0,204,1116332,106,109,60,12,196,100,-87,109,215,60,18446744073709551514,0,43,1116230,0,0
fd00::202:2:2:2,18,0,0,204,1126765,107,110,60,12,161,100,-87,110,217,60,18446744073709551479,0,29,1126628,0,0
fd00::202:2:2:2,18,0,0,205,1137198,108,111,60,12,164,100,-87,111,219,60,18446744073709551477,0,14,1137059,0,0
fd00::202:2:2:2,18,0,0,205,1147631,109,112,60,12,161,100,-87,112,221,60,18446744073709551508,0,13,1147523,0,0
fd00::202:2:2:2,18,0,0,205,1158064,110,113,60,12,154,100,-87,113,223,60,18446744073709551478,0,24,1157926,0,0
fd00::202:2:2:2,18,0,0,205,1168497,111,114,60,12,184,100,-87,114,225,60,18446744073709551482,0,29,1168363,0,0
fd00::202:2:2:2,18,0,0,204,1178930,112,115,60,12,184,100,-87,115,227,60,18446744073709551488,0,22,1178802,0,0
fd00::202:2:2:2,18,0,0,204,1189363,113,116,60,12,180,100,-87,116,229,60,18446744073709551514,0,21,1189261,0,0
fd00::202:2:2:2,18,0,0,205,1199796,114,117,60,12,178,100,-87,117,231,60,18446744073709551486,0,19,1199666,0,0
fd00::202:2:2:2,18,0,0,204,1210229,115,119,60,12,156,100,-87,119,234,60,18446744073709551492,0,8,1210105,0,0
fd00::202:2:2:2,18,0,0,204,1220662,116,120,60,12,184,100,-87,120,236,60,18446744073709551498,0,40,1220544,0,0
fd00::202:2:2:2,18,0,0,204,1231095,117,121,60,12,154,100,-87,121,238,60,18446744073709551480,0,22,1230959,0,0
fd00::202:2:2:2,18,0,0,205,1241528,118,122,60,12,168,100,-87,122,240,60,18446744073709551495,0,65,1241407,0,0
fd00::202:2:2:2,18,0,0,205,1251961,119,123,60,12,161,100,-87,123,242,60,18446744073709551495,0,24,1251840,0,0
fd00::202:2:2:2,18,0,0,205,1262394,120,124,60,12,188,100,-87,124,244,60,18446744073709551500,0,27,1262278,0,0
fd00::202:2:2:2,18,0,0,204,1272827,121,125,60,12,158,100,-87,125,246,60,18446744073709551500,0,19,1272711,0,0
fd00::202:2:2:2,18,0,0,204,1283260,122,126,60,12,153,100,-87,126,248,60,18446744073709551513,0,10,1283157,0,0
fd00::202:2:2:2,18,0,0,205,1293693,123,127,60,12,169,100,-87,127,250,60,18446744073709551486,0,30,1293563,0,0
fd00::202:2:2:2,18,0,0,205,1304126,124,128,60,12,187,100,-87,128,252,60,18446744073709551500,0,36,1304010,0,0
fd00::202:2:2:2,18,0,0,205,1314559,125,129,60,12,156,100,-87,129,254,60,18446744073709551502,0,13,1314445,0,0
fd00::202:2:2:2,18,0,0,205,1324992,126,130,60,12,245,100,-87,130,256,60,18446744073709551495,0,71,1324871,0,0
fd00::202:2:2:2,18,0,0,205,1335425,127,131,60,12,173,100,-87,131,258,60,18446744073709551485,0,16,1335294,0,0
fd00::202:2:2:2,18,0,0,205,1345858,128,132,60,12,169,100,-87,132,260,60,18446744073709551514,0,14,1345756,0,0
fd00::202:2:2:2,18,0,0,205,1356291,129,133,60,12,153,100,-87,133,262,60,18446744073709551508,0,17,1356183,0,0
fd00::202:2:2:2,18,0,0,205,1366724,130,134,60,12,169,100,-87,134,264,60,18446744073709551509,0,17,1366617,0,0
fd00::202:2:2:2,18,0,0,204,1377157,131,135,60,12,162,100,-87,135,266,60,18446744073709551484,0,15,1377025,0,0
fd00::202:2:2:2,18,0,0,204,1387590,132,136,60,12,160,100,-87,136,268,60,18446744073709551478,0,23,1387452,0,0
fd00::202:2:2:2,18,0,0,204,1398023,133,137,60,12,171,100,-87,137,270,60,18446744073709551501,0,35,1397908,0,0
fd00::202:2:2:2,18,0,0,205,1408456,134,138,60,12,177,100,-87,138,272,60,18446744073709551482,0,33,1408322,0,0
fd00::202:2:2:2,18,0,0,205,1418889,135,139,60,12,153,100,-87,139,274,60,18446744073709551517,0,39,1418790,0,0
fd00::202:2:2:2,18,0,0,205,1429322,136,140,60,12,179,100,-87,140,276,60,18446744073709551493,0,35,1429199,0,0
fd00::202:2:2:2,18,0,0,204,1439755,137,141,60,12,181,100,-87,141,278,60,18446744073709551515,0,46,1439654,0,0
fd00::202:2:2:2,18,0,0,204,1450188,138,143,60,12,159,100,-87,143,281,60,18446744073709551543,0,17,1450115,0,0
fd00::202:2:2:2,18,0,0,205,1460621,139,144,60,12,153,100,-87,144,283,60,18446744073709551478,0,23,1460483,0,0
fd00::202:2:2:2,18,0,0,205,1471054,140,145,60,12,189,100,-87,145,285,60,18446744073709551498,0,42,1470936,0,0
fd00::202:2:2:2,18,0,0,205,1481487,141,146,60,12,161,100,-87,146,287,60,18446744073709551511,0,27,1481382,0,0
fd00::202:2:2:2,18,0,0,204,1491920,142,147,60,12,169,100,-87,147,289,60,18446744073709551497,0,18,1491801,0,0
fd00::202:2:2:2,18,0,0,204,1502353,143,148,60,12,181,100,-87,148,291,60,18446744073709551507,0,22,1502244,0,0
fd00::202:2:2:2,18,0,0,205,1512786,144,149,60,12,168,100,-87,149,293,60,18446744073709551502,0,31,1512672,0,0
fd00::202:2:2:2,18,0,0,205,1523219,145,150,60,12,153,100,-87,150,295,60,18446744073709551511,0,21,1523114,0,0
fd00::202:2:2:2,18,0,0,205,1533652,146,151,60,12,177,100,-87,151,297,60,18446744073709551495,0,29,1533531,0,0
fd00::202:2:2:2,18,0,0,204,1544085,147,152,60,12,159,100,-87,152,299,60,18446744073709551501,0,12,1543970,0,0
fd00::202:2:2:2,18,0,0,204,1554518,148,153,60,12,175,100,-87,153,301,60,18446744073709551481,0,23,1554383,0,0
fd00::202:2:2:2,18,0,0,205,1564951,149,154,60,12,162,100,-87,154,303,60,18446744073709551480,0,41,1564815,0,0
fd00::202:2:2:2,18,0,0,205,1575384,150,155,60,12,154,100,-87,155,305,60,18446744073709551485,0,19,1575253,0,0
fd00::202:2:2:2,18,0,0,205,1585817,151,156,60,12,169,100,-87,156,307,60,18446744073709551481,0,32,1585682,0,0
fd00::202:2:2:2,18,0,0,204,1596250,152,157,60,12,165,100,-87,157,309,60,18446744073709551480,0,16,1596114,0,0
fd00::202:2:2:2,18,0,0,204,1606683,153,158,60,12,170,100,-87,158,311,60,18446744073709551478,0,20,1606545,0,0
fd00::202:2:2:2,18,0,0,205,1617116,154,159,60,12,165,100,-87,159,313,60,18446744073709551504,0,17,1617004,0,0
fd00::202:2:2:2,18,0,0,205,1627549,155,160,60,12,181,100,-87,160,315,60,18446744073709551497,0,30,1627430,0,0
fd00::202:2:2:2,18,0,0,205,1637982,156,161,60,12,157,100,-87,161,317,60,18446744073709551516,0,9,1637882,0,0
fd00::202:2:2:2,18,0,1,204,1648415,157,162,60,12,175,100,-87,162,319,60,18446744073709551515,0,43,1648314,0,0
fd00::202:2:2:2,18,0,0,204,1658848,158,163,60,12,182,100,-87,163,321,60,18446744073709551494,0,38,1658726,0,0
fd00::202:2:2:2,18,0,0,205,1669281,159,164,60,12,175,100,-87,164,323,60,18446744073709551491,0,28,1669156,0,0
fd00::202:2:2:2,18,0,0,205,1679714,160,165,60,12,188,100,-87,165,325,60,18446744073709551512,0,28,1679610,0,0
fd00::202:2:2:2,18,0,0,205,1690147,161,166,60,12,166,100,-87,167,327,60,18446744073709551516,0,32,1690047,1,1
fd00::202:2:2:2,18,0,0,204,1700580,162,168,60,12,186,100,-87,168,330,60,18446744073709551511,0,37,1700475,0,0
fd00::202:2:2:2,18,0,0,204,1711013,163,169,60,12,185,100,-87,169,332,60,18446744073709551503,0,36,1710900,0,0
fd00::202:2:2:2,18,0,0,205,1721446,164,170,60,12,159,100,-87,170,334,60,18446744073709551514,0,14,1721344,0,0
fd00::202:2:2:2,18,0,0,205,1731879,165,171,60,12,160,100,-87,171,336,60,18446744073709551503,0,24,1731766,0,0
fd00::202:2:2:2,18,0,0,204,1742312,166,172,60,12,160,100,-87,172,338,60,18446744073709551508,0,14,1742204,0,0
fd00::202:2:2:2,18,0,0,205,1752745,167,173,60,12,153,100,-87,173,340,60,18446744073709551496,0,15,1752625,0,0
fd00::202:2:2:2,18,0,0,205,1763178,168,174,60,12,174,100,-87,174,342,60,18446744073709551513,0,48,1763075,0,0
fd00::202:2:2:2,18,0,0,205,1773611,169,175,60,12,158,100,-87,175,344,60,18446744073709551516,0,11,1773511,0,0
fd00::202:2:2:2,18,0,0,205,1784044,170,176,60,12,189,100,-87,176,346,60,18446744073709551495,0,41,1783923,0,0
fd00::202:2:2:2,18,0,0,205,1794477,171,177,60,12,161,100,-87,177,348,60,18446744073709551502,0,23,1794363,0,0
fd00::202:2:2:2,18,0,0,205,1804910,172,178,60,12,164,100,-87,178,350,60,18446744073709551504,0,46,1804798,0,0
fd00::202:2:2:2,18,0,0,205,1815343,173,179,60,12,179,100,-87,179,352,60,18446744073709551504,0,36,1815231,0,0
fd00::202:2:2:2,18,0,0,205,1825776,174,180,60,12,167,100,-87,180,354,60,18446744073709551513,0,22,1825673,0,0
fd00::202:2:2:2,18,0,0,205,1836209,175,181,60,12,180,100,-87,181,356,60,18446744073709551486,0,22,1836079,0,0
fd00::202:2:2:2,18,0,0,205,1846642,176,182,60,12,165,100,-87,182,358,60,18446744073709551510,0,35,1846536,0,0
fd00::202:2:2:2,18,0,0,205,1857075,177,183,60,12,165,100,-87,183,360,60,18446744073709551501,0,16,1856960,0,0
fd00::202:2:2:2,18,0,0,205,1867508,178,184,60,12,157,100,-87,184,362,60,18446744073709551503,0,27,1867395,0,0
fd00::202:2:2:2,18,0,0,205,1877941,179,185,60,12,160,100,-87,185,364,60,18446744073709551517,0,18,1877842,0,0
fd00::202:2:2:2,18,0,0,205,1888374,180,186,60,12,167,100,-87,186,366,60,18446744073709551511,0,21,1888269,0,0
fd00::202:2:2:2,18,0,0,205,1898807,181,187,60,12,169,100,-87,187,368,60,18446744073709551477,0,19,1898668,0,0
fd00::202:2:2:2,18,0,0,205,1909240,182,188,60,12,165,100,-87,188,370,60,18446744073709551479,0,31,1909103,0,0
fd00::202:2:2:2,18,0,0,205,1919673,183,189,60,12,153,100,-87,189,372,60,18446744073709551506,0,6,1919563,0,0
fd00::202:2:2:2,18,0,0,205,1930106,184,190,60,12,182,100,-87,190,374,60,18446744073709551485,0,58,1929975,0,0
fd00::202:2:2:2,18,0,0,205,1940539,185,192,60,12,165,100,-87,192,377,60,18446744073709551509,0,49,1940432,0,0
fd00::202:2:2:2,18,0,0,205,1950972,186,193,60,12,185,100,-87,193,379,60,18446744073709551495,0,40,1950851,0,0
fd00::202:2:2:2,18,0,0,205,1961405,187,194,60,12,193,100,-87,194,381,60,18446744073709551497,0,39,1961286,0,0
fd00::202:2:2:2,18,0,0,205,1971838,188,195,60,12,153,100,-87,195,383,60,18446744073709551481,0,12,1971703,0,0
fd00::202:2:2:2,18,0,0,205,1982271,189,196,60,12,240,100,-87,196,385,60,18446744073709551517,0,62,1982172,0,0
fd00::202:2:2:2,18,0,0,205,1992704,190,197,60,12,184,100,-87,197,387,60,18446744073709551484,0,41,1992572,0,0
fd00::202:2:2:2,18,0,0,205,2003137,191,198,60,12,155,100,-87,198,389,60,18446744073709551496,0,9,2003017,0,0
fd00::202:2:2:2,18,0,0,205,2013570,192,199,60,12,153,100,-87,199,391,60,18446744073709551517,0,14,2013471,0,0
fd00::202:2:2:2,18,0,0,205,2024003,193,200,60,12,180,100,-87,200,393,60,18446744073709551510,0,107,2023897,0,0
fd00::202:2:2:2,18,0,0,205,2034436,194,201,60,12,176,100,-87,201,395,60,18446744073709551515,0,36,2034335,0,0
fd00::202:2:2:2,18,0,0,205,2044869,195,202,60,12,153,100,-87,202,397,60,18446744073709551480,0,45,2044733,0,0
fd00::202:2:2:2,18,0,0,205,2055302,196,203,60,12,153,100,-87,203,399,60,18446744073709551483,0,8,2055169,0,0
fd00::202:2:2:2,18,0,0,205,2065735,197,204,60,12,168,100,-87,204,401,60,18446744073709551492,0,17,2065611,0,0
fd00::202:2:2:2,18,0,0,205,2076168,198,205,60,12,180,100,-87,205,403,60,18446744073709551487,0,21,2076039,0,0
fd00::202:2:2:2,18,0,0,205,2086601,199,206,60,12,153,100,-87,206,405,60,18446744073709551482,0,23,2086467,0,0
fd00::202:2:2:2,18,0,0,205,2097034,200,207,60,12,168,100,-87,207,407,60,18446744073709551485,0,44,2096903,0,0
fd00::202:2:2:2,18,0,0,205,2107467,201,208,60,12,184,100,-87,208,409,60,18446744073709551479,0,29,2107330,0,0
fd00::202:2:2:2,18,0,0,205,2117900,202,209,60,12,186,100,-87,209,411,60,18446744073709551506,0,28,2117790,0,0
fd00::202:2:2:2,18,0,0,205,2128333,203,210,60,12,190,100,-87,210,413,60,18446744073709551507,0,40,2128224,0,0
fd00::202:2:2:2,18,0,0,205,2138766,204,211,60,12,181,100,-87,211,415,60,18446744073709551490,0,25,2138640,0,0
fd00::202:2:2:2,18,0,0,205,2149199,205,212,60,12,184,100,-87,212,417,60,18446744073709551505,0,25,2149088,0,0
fd00::202:2:2:2,18,0,0,205,2159632,206,213,60,12,161,100,-87,213,419,60,18446744073709551504,0,26,2159520,0,0
fd00::202:2:2:2,18,0,0,205,2170065,207,214,60,12,159,100,-87,214,421,60,18446744073709551484,0,22,2169933,0,0
fd00::202:2:2:2,18,0,0,205,2180498,208,216,60,12,184,100,-87,216,424,60,18446744073709551484,0,38,2180366,0,0
fd00::202:2:2:2,18,0,0,205,2190931,209,217,60,12,188,100,-87,217,426,60,18446744073709551499,0,33,2190814,0,0
fd00::202:2:2:2,18,0,0,205,2201364,210,218,60,12,159,100,-87,218,428,60,18446744073709551501,0,42,2201249,0,0
fd00::202:2:2:2,18,0,0,205,2211797,211,219,60,12,160,100,-87,219,430,60,18446744073709551495,0,42,2211676,0,0
fd00::202:2:2:2,18,0,0,205,2222230,212,220,60,12,174,100,-87,220,432,60,18446744073709551503,0,19,2222117,0,0
fd00::202:2:2:2,18,0,0,205,2232663,213,221,60,12,167,100,-87,221,434,60,18446744073709551477,0,24,2232524,0,0
fd00::202:2:2:2,18,0,0,205,2243096,214,222,60,12,181,100,-87,222,436,60,18446744073709551498,0,55,2242978,0,0
fd00::202:2:2:2,18,0,0,205,2253529,215,223,60,12,162,100,-87,223,438,60,18446744073709551493,0,25,2253406,0,0
fd00::202:2:2:2,18,0,0,205,2263962,216,224,60,12,166,100,-87,224,440,60,18446744073709551488,0,18,2263834,0,0
fd00::202:2:2:2,18,0,0,205,2274395,217,225,60,12,153,100,-87,225,442,60,18446744073709551485,0,24,2274264,0,0
fd00::202:2:2:2,18,0,0,205,2284828,218,226,60,12,182,100,-87,226,444,60,18446744073709551506,0,39,2284718,0,0
fd00::202:2:2:2,18,0,0,205,2295261,219,227,60,12,161,100,-87,227,446,60,18446744073709551508,0,10,2295153,0,0
fd00::202:2:2:2,18,0,0,205,2305694,220,228,60,12,169,100,-87,228,448,60,18446744073709551497,0,54,2305575,0,0
fd00::202:2:2:2,18,0,0,205,2316127,221,229,60,12,182,100,-87,229,450,60,18446744073709551492,0,21,2316003,0,0
fd00::202:2:2:2,18,0,0,205,2326560,222,230,60,12,153,100,-87,230,452,60,18446744073709551495,0,13,2326439,0,0
fd00::202:2:2:2,18,0,0,205,2336993,223,231,60,12,153,100,-87,231,454,60,18446744073709551480,0,6,2336857,0,0
fd00::202:2:2:2,18,0,0,205,2347426,224,232,60,12,182,100,-87,232,456,60,18446744073709551515,0,38,2347325,0,0
fd00::202:2:2:2,18,0,0,205,2357859,225,233,60,12,183,100,-87,233,458,60,18446744073709551484,0,22,2357727,0,0
fd00::202:2:2:2,18,0,0,205,2368292,226,234,60,12,174,100,-87,234,460,60,18446744073709551513,0,33,2368189,0,0
fd00::202:2:2:2,18,0,0,205,2378725,227,235,60,12,159,100,-87,235,462,60,18446744073709551485,0,12,2378594,0,0
fd00::202:2:2:2,18,0,0,205,2389158,228,236,60,12,178,100,-87,236,464,60,18446744073709551499,0,26,2389041,0,0
fd00::202:2:2:2,18,0,0,205,2399591,229,237,60,12,193,100,-87,237,466,60,18446744073709551563,0,38,2399538,0,0
fd00::202:2:2:2,18,0,0,205,2410024,230,238,60,12,180,100,-87,238,468,60,18446744073709551483,0,20,2409891,0,0
fd00::202:2:2:2,18,0,0,205,2420457,231,240,60,12,191,100,-87,240,471,60,18446744073709551494,0,41,2420335,0,0
fd00::202:2:2:2,18,0,0,205,2430890,232,241,60,12,182,100,-87,241,473,60,18446744073709551516,0,37,2430790,0,0
fd00::202:2:2:2,18,0,0,205,2441323,233,242,60,12,158,100,-87,242,475,60,18446744073709551512,0,17,2441219,0,0
fd00::202:2:2:2,18,0,0,205,2451756,234,243,60,12,172,100,-87,243,477,60,18446744073709551486,0,27,2451626,0,0
fd00::202:2:2:2,18,0,0,205,2462189,235,244,60,12,156,100,-87,244,479,60,18446744073709551485,0,44,2462058,0,0
fd00::202:2:2:2,18,0,0,205,2472622,236,245,60,12,153,100,-87,245,481,60,18446744073709551477,0,26,2472483,0,0
fd00::202:2:2:2,18,0,0,205,2483055,237,246,60,12,164,100,-87,246,483,60,18446744073709551486,0,56,2482925,0,0
fd00::202:2:2:2,18,0,0,205,2493488,238,247,60,12,173,100,-87,247,485,60,18446744073709551480,0,19,2493352,0,0
fd00::202:2:2:2,18,0,0,205,2503921,239,248,60,12,153,100,-87,248,487,60,18446744073709551481,0,10,2503786,0,0
fd00::202:2:2:2,18,0,0,205,2514354,240,249,60,12,162,100,-87,249,489,60,18446744073709551492,0,16,2514230,0,0
fd00::202:2:2:2,18,0,0,205,2524787,241,250,60,12,166,100,-87,250,491,60,18446744073709551480,0,13,2524651,0,0
fd00::202:2:2:2,18,0,0,205,2535220,242,251,60,12,170,100,-87,251,493,60,18446744073709551480,0,23,2535084,0,0
fd00::202:2:2:2,18,0,0,205,2545653,243,252,60,12,161,100,-87,252,495,60,18446744073709551517,0,25,2545554,0,0
fd00::202:2:2:2,18,0,0,205,2556086,244,253,60,12,188,100,-87,253,497,60,18446744073709551508,0,41,2555978,0,0
fd00::202:2:2:2,18,0,0,205,2566519,245,254,60,12,179,100,-87,254,499,60,18446744073709551515,0,26,2566418,0,0
fd00::202:2:2:2,18,0,0,205,2576952,246,255,60,12,173,100,-87,255,501,60,18446744073709551482,0,109,2576818,0,0
fd00::202:2:2:2,18,0,0,204,2587385,247,256,60,12,181,100,-87,256,503,60,18446744073709551516,0,20,2587285,0,0
fd00::202:2:2:2,18,0,0,205,2597818,248,257,60,12,176,100,-87,257,505,60,18446744073709551494,0,18,2597696,0,0
fd00::202:2:2:2,18,0,0,204,2608251,249,258,60,12,180,100,-87,258,507,60,18446744073709551479,0,36,2608114,0,0
fd00::202:2:2:2,18,0,0,204,2618684,250,259,60,12,153,100,-87,259,509,60,18446744073709551494,0,18,2618562,0,0
fd00::202:2:2:2,18,0,0,205,2629117,251,260,60,12,186,100,-87,260,511,60,18446744073709551507,0,35,2629008,0,0
fd00::202:2:2:2,18,0,0,205,2639550,252,261,60,12,171,100,-87,261,513,60,18446744073709551506,0,29,2639440,0,0
fd00::202:2:2:2,18,0,0,205,2649983,253,262,60,12,160,100,-87,262,515,60,18446744073709551501,0,12,2649868,0,0
fd00::202:2:2:2,18,0,1,203,2660422,254,264,60,12,175,100,-87,264,518,60,18446744073709551478,0,70,2660284,0,0
fd00::202:2:2:2,18,0,0,205,2670849,255,265,60,12,156,100,-87,265,520,60,18446744073709551485,0,25,2670718,0,0
fd00::202:2:2:2,18,0,0,205,2681282,256,266,60,12,153,100,-87,266,522,60,18446744073709551478,0,22,2681144,0,0
fd00::202:2:2:2,18,0,0,205,2691715,257,267,60,12,191,100,-87,267,524,60,18446744073709551512,0,27,2691611,0,0
fd00::202:2:2:2,18,0,0,204,2702148,258,268,60,12,189,100,-87,268,526,60,18446744073709551512,0,31,2702044,0,0
fd00::202:2:2:2,18,0,0,204,2712581,259,269,60,12,159,100,-87,269,528,60,18446744073709551492,0,18,2712457,0,0
fd00::202:2:2:2,18,0,0,205,2723014,260,270,60,12,190,100,-87,270,530,60,18446744073709551491,0,25,2722889,0,0
fd00::202:2:2:2,18,0,0,205,2733447,261,271,60,12,203,100,-87,271,532,60,18446744073709551488,0,34,2733319,0,0
fd00::202:2:2:2,18,0,0,205,2743880,262,272,60,12,166,100,-87,272,534,60,18446744073709551500,0,22,2743764,0,0
fd00::202:2:2:2,18,0,0,205,2754313,263,273,60,12,178,100,-87,273,536,60,18446744073709551497,0,29,2754194,0,0
fd00::202:2:2:2,18,0,0,204,2764746,264,274,60,12,175,100,-87,274,538,60,18446744073709551482,0,61,2764612,0,0
fd00::202:2:2:2,18,0,0,204,2775179,265,275,60,12,153,100,-87,275,540,60,18446744073709551496,0,20,2775059,0,0
fd00::202:2:2:2,18,0,0,205,2785612,266,276,60,12,173,100,-87,276,542,60,18446744073709551481,0,19,2785477,0,0
fd00::202:2:2:2,18,0,0,205,2796045,267,277,60,12,160,100,-87,277,544,60,18446744073709551508,0,14,2795937,0,0
fd00::202:2:2:2,18,0,0,204,2806478,268,278,60,12,176,100,-87,278,546,60,18446744073709551509,0,24,2806371,0,0
fd00::202:2:2:2,18,0,0,204,2816911,269,279,60,12,174,100,-87,279,548,60,18446744073709551501,0,31,2816796,0,0
fd00::202:2:2:2,18,0,0,204,2827344,270,280,60,12,186,100,-87,280,550,60,18446744073709551485,0,31,2827213,0,0
fd00::202:2:2:2,18,0,0,205,2837777,271,281,60,12,178,100,-87,281,552,60,18446744073709551506,0,34,2837667,0,0
fd00::202:2:2:2,18,0,0,205,2848210,272,282,60,12,161,100,-87,282,554,60,18446744073709551484,0,19,2848078,0,0
fd00::202:2:2:2,18,0,0,205,2858643,273,283,60,12,168,100,-87,283,556,60,18446744073709551515,0,42,2858542,0,0
fd00::202:2:2:2,18,0,0,204,2869076,274,284,60,12,174,100,-87,284,558,60,18446744073709551497,0,30,2868957,0,0
fd00::202:2:2:2,18,0,0,204,2879509,275,285,60,12,159,100,-87,285,560,60,18446744073709551515,0,21,2879408,0,0
fd00::202:2:2:2,18,0,0,205,2889942,276,286,60,12,161,100,-87,286,562,60,18446744073709551503,0,21,2889829,0,0
fd00::202:2:2:2,18,0,0,204,2900375,277,288,60,12,188,100,-87,288,565,60,18446744073709551496,0,39,2900255,0,0
fd00::202:2:2:2,18,0,0,205,2910808,278,289,60,12,192,100,-87,289,567,60,18446744073709551500,0,37,2910692,0,0
fd00::202:2:2:2,18,0,0,204,2921241,279,290,60,12,184,100,-87,290,569,60,18446744073709551487,0,50,2921112,0,0
fd00::202:2:2:2,18,0,0,204,2931674,280,291,60,12,170,100,-87,291,571,60,18446744073709551492,0,32,2931550,0,0
fd00::202:2:2:2,18,0,0,205,2942107,281,292,60,12,165,100,-87,292,573,60,18446744073709551511,0,22,2942002,0,0
fd00::202:2:2:2,18,0,0,205,2952540,282,293,60,12,172,100,-87,293,575,60,18446744073709551480,0,29,2952404,0,0
fd00::202:2:2:2,18,0,0,205,2962973,283,294,60,12,268,100,-87,294,577,60,18446744073709551496,0,66,2962853,0,0
fd00::202:2:2:2,18,0,0,204,2973406,284,295,60,12,183,100,-87,295,579,60,18446744073709551515,0,36,2973305,0,0
fd00::202:2:2:2,18,0,0,204,2983839,285,296,60,12,175,100,-87,296,581,60,18446744073709551483,0,27,2983706,0,0
fd00::202:2:2:2,18,0,0,205,2994272,286,297,60,12,155,100,-87,297,583,60,18446744073709551508,0,11,2994164,0,0
fd00::202:2:2:2,18,0,0,205,3004705,287,298,60,12,189,100,-87,298,585,60,18446744073709551510,0,30,3004599,0,0
fd00::202:2:2:2,18,0,0,205,3015138,288,299,60,12,160,100,-87,299,587,60,18446744073709551498,0,17,3015020,0,0
fd00::202:2:2:2,18,0,0,204,3025571,289,300,60,12,156,100,-87,300,589,60,18446744073709551494,0,13,3025449,0,0
fd00::202:2:2:2,18,0,0,204,3036004,290,301,60,12,185,100,-87,301,591,60,18446744073709551502,0,22,3035890,0,0
fd00::202:2:2:2,18,0,0,205,3046437,291,302,60,12,157,100,-87,302,593,60,18446744073709551509,0,17,3046330,0,0
fd00::202:2:2:2,18,0,0,205,3056870,292,303,60,12,184,100,-87,303,595,60,18446744073709551511,0,75,3056765,0,0
fd00::202:2:2:2,18,0,0,205,3067303,293,304,60,12,160,100,-87,304,597,60,18446744073709551492,0,22,3067179,0,0
fd00::202:2:2:2,18,0,0,205,3077736,294,305,60,12,167,100,-87,305,599,60,18446744073709551477,0,59,3077597,0,0
fd00::202:2:2:2,18,0,0,204,3088169,295,306,60,12,153,100,-87,306,601,60,18446744073709551496,0,8,3088049,0,0
fd00::202:2:2:2,18,0,0,204,3098602,296,307,60,12,179,100,-87,307,603,60,18446744073709551492,0,37,3098478,0,0
fd00::202:2:2:2,18,0,0,205,3109035,297,308,60,12,159,100,-87,308,605,60,18446744073709551496,0,40,3108915,0,0
fd00::202:2:2:2,18,0,0,205,3119468,298,309,60,12,177,100,-87,309,607,60,18446744073709551500,0,35,3119352,0,0
fd00::202:2:2:2,18,0,0,205,3129901,299,310,60,12,159,100,-87,310,609,60,18446744073709551502,0,12,3129787,0,0
fd00::202:2:2:2,18,0,0,204,3140334,300,312,60,12,269,100,-87,312,612,60,18446744073709551495,0,68,3140213,0,0
fd00::202:2:2:2,18,0,0,204,3150767,301,313,60,12,189,100,-87,313,614,60,18446744073709551512,0,59,3150663,0,0
fd00::202:2:2:2,18,0,0,205,3161200,302,314,60,12,175,100,-87,314,616,60,18446744073709551497,0,35,3161081,0,0
fd00::202:2:2:2,18,0,0,205,3171633,303,315,60,12,157,100,-87,315,618,60,18446744073709551477,0,27,3171494,0,0
fd00::202:2:2:2,18,0,0,204,3182066,304,316,60,12,156,100,-87,316,620,60,18446744073709551513,0,13,3181963,0,0
fd00::202:2:2:2,18,0,0,205,3192499,305,317,60,12,189,100,-87,317,622,60,18446744073709551499,0,41,3192382,0,0
fd00::202:2:2:2,18,0,0,205,3202932,306,318,60,12,185,100,-87,318,624,60,18446744073709551489,0,27,3202805,0,0
fd00::202:2:2:2,18,0,0,205,3213365,307,319,60,12,168,100,-87,319,626,60,18446744073709551510,0,14,3213259,0,0
fd00::202:2:2:2,18,0,0,205,3223798,308,320,60,12,188,100,-87,320,628,60,18446744073709551509,0,25,3223691,0,0
fd00::202:2:2:2,18,0,1,204,3234231,309,321,60,12,178,100,-87,321,630,60,18446744073709551514,0,32,3234129,0,0
fd00::202:2:2:2,18,0,0,204,3244664,310,322,60,12,169,100,-87,322,632,60,18446744073709551487,0,28,3244535,0,0
fd00::202:2:2:2,18,0,0,205,3255097,311,323,60,12,184,100,-87,323,634,60,18446744073709551487,0,28,3254968,0,0
fd00::202:2:2:2,18,0,0,205,3265530,312,324,60,12,153,100,-87,324,636,60,18446744073709551507,0,15,3265421,0,0
fd00::202:2:2:2,18,0,0,205,3275963,313,325,60,12,190,100,-87,325,638,60,18446744073709551510,0,33,3275857,0,0
fd00::202:2:2:2,18,0,0,205,3286396,314,326,60,12,174,100,-87,326,640,60,18446744073709551506,0,28,3286286,0,0
fd00::202:2:2:2,18,0,0,204,3296829,315,327,60,12,178,100,-87,327,642,60,18446744073709551511,0,33,3296724,0,0
fd00::202:2:2:2,18,0,0,204,3307262,316,328,60,12,153,100,-87,328,644,60,18446744073709551489,0,17,3307135,0,0
fd00::202:2:2:2,18,0,0,205,3317695,317,329,60,12,189,100,-87,329,646,60,18446744073709551480,0,41,3317559,0,0
fd00::202:2:2:2,18,0,0,205,3328128,318,330,60,12,153,100,-87,330,648,60,18446744073709551487,0,11,3327999,0,0
fd00::202:2:2:2,18,0,0,205,3338561,319,331,60,12,184,100,-87,331,650,60,18446744073709551493,0,33,3338438,0,0
fd00::202:2:2:2,18,0,0,204,3348994,320,332,60,12,185,100,-87,332,652,60,18446744073709551482,0,27,3348860,0,0
fd00::202:2:2:2,18,0,0,204,3359427,321,333,60,12,156,100,-87,333,654,60,18446744073709551493,0,14,3359304,0,0
fd00::202:2:2:2,18,0,0,205,3369860,322,334,60,12,166,100,-87,334,656,60,18446744073709551514,0,19,3369758,0,0
fd00::202:2:2:2,18,0,0,205,3380293,323,336,60,12,190,100,-87,336,659,60,18446744073709551512,0,71,3380189,0,0
fd00::202:2:2:2,18,0,0,204,3390726,324,337,60,12,185,100,-87,337,661,60,18446744073709551506,0,39,3390616,0,0
fd00::202:2:2:2,18,0,0,204,3401159,325,338,60,12,172,100,-87,338,663,60,18446744073709551492,0,35,3401035,0,0
fd00::202:2:2:2,18,0,0,205,3411592,326,339,60,12,153,100,-87,339,665,60,18446744073709551501,0,8,3411477,0,0
fd00::202:2:2:2,18,0,0,205,3422025,327,340,60,12,174,100,-87,340,667,60,18446744073709551481,0,22,3421890,0,0
fd00::202:2:2:2,18,0,0,204,3432458,328,341,60,12,174,100,-87,341,669,60,18446744073709551507,0,22,3432349,0,0
fd00::202:2:2:2,18,0,0,205,3442891,329,342,60,12,158,100,-87,342,671,60,18446744073709551487,0,19,3442762,0,0
fd00::202:2:2:2,18,0,0,204,3453324,330,343,60,12,168,100,-87,343,673,60,18446744073709551486,0,25,3453194,0,0
fd00::202:2:2:2,18,0,0,204,3463757,331,344,60,12,170,100,-87,344,675,60,18446744073709551484,0,15,3463625,0,0
fd00::202:2:2:2,18,0,0,205,3474190,332,345,60,12,166,100,-87,345,677,60,18446744073709551506,0,18,3474080,0,0
fd00::202:2:2:2,18,0,0,205,3484623,333,346,60,12,158,100,-87,346,679,60,18446744073709551503,0,26,3484510,0,0
fd00::202:2:2:2,18,0,0,205,3495056,334,347,60,12,160,100,-87,347,681,60,18446744073709551511,0,24,3494951,0,0
fd00::202:2:2:2,18,0,0,204,3505489,335,348,60,12,184,100,-87,348,683,60,18446744073709551501,0,38,3505374,0,0
fd00::202:2:2:2,18,0,0,204,3515922,336,349,60,12,157,100,-87,349,685,60,18446744073709551486,0,25,3515792,0,0
fd00::202:2:2:2,18,0,0,205,3526355,337,350,60,12,173,100,-87,350,687,60,18446744073709551506,0,28,3526245,0,0
fd00::202:2:2:2,18,0,0,205,3536788,338,351,60,12,168,100,-87,351,689,60,18446744073709551510,0,33,3536682,0,0
fd00::202:2:2:2,18,0,0,205,3547221,339,352,60,12,168,100,-87,352,691,60,18446744073709551509,0,30,3547114,0,0
fd00::202:2:2:2,18,0,0,204,3557654,340,353,60,12,166,100,-87,353,693,60,18446744073709551480,0,34,3557518,0,0
fd00::202:2:2:2,18,0,0,204,3568087,341,354,60,12,153,100,-87,354,695,60,18446744073709551516,0,14,3567987,0,0
fd00::202:2:2:2,18,0,0,205,3578520,342,355,60,12,181,100,-87,355,697,60,18446744073709551479,0,36,3578383,0,0
fd00::202:2:2:2,18,0,0,205,3588953,343,356,60,12,164,100,-87,356,699,60,18446744073709551483,0,30,3588820,0,0
fd00::202:2:2:2,18,0,0,204,3599386,344,357,60,12,156,100,-87,357,701,60,18446744073709551489,0,89,3599259,0,0
fd00::203:3:3:3,39,0,0,430,21909,1,0,60,0,0,0,0,0,1,60,534,0,0,22443,0,0
fd00::203:3:3:3,19,0,0,215,32863,2,1,60,12,18446744073709551123,100,-87,1,3,60,527,0,19,33390,0,0
fd00::203:3:3:3,19,0,0,215,43817,3,2,60,12,18446744073709551134,100,-87,2,5,60,559,0,39,44376,0,0
fd00::203:3:3:3,19,0,0,215,54771,4,3,60,12,18446744073709551143,100,-87,3,7,60,524,0,44,55295,0,0
fd00::203:3:3:3,19,0,0,215,65725,5,4,60,12,18446744073709551130,100,-87,4,9,60,559,0,29,66284,0,0
fd00::203:3:3:3,19,0,0,215,76679,6,5,60,12,18446744073709551121,100,-87,5,11,60,539,0,33,77218,0,0
fd00::203:3:3:3,19,0,0,215,87633,7,6,60,12,18446744073709551126,100,-87,6,13,60,557,0,24,88190,0,0
fd00::203:3:3:3,19,0,0,215,98587,8,7,60,12,18446744073709551132,100,-87,7,15,60,556,0,35,99143,0,0
fd00::203:3:3:3,19,0,0,215,109541,9,9,60,12,18446744073709551122,100,-87,9,18,60,590,0,32,110131,0,0
fd00::203:3:3:3,19,0,0,215,120495,10,10,60,12,18446744073709551120,100,-87,10,20,60,548,0,14,121043,0,0
fd00::203:3:3:3,19,0,0,215,131449,11,11,60,12,18446744073709551144,100,-87,11,22,60,552,0,25,132001,0,0
fd00::203:3:3:3,19,0,0,215,142403,12,12,60,12,18446744073709551134,100,-87,12,24,60,528,0,24,142931,0,0
fd00::203:3:3:3,19,0,0,215,153357,13,13,60,12,18446744073709551120,100,-87,13,26,60,539,0,27,153896,0,0
fd00::203:3:3:3,19,0,0,215,164311,14,14,60,12,18446744073709551137,100,-87,14,28,60,559,0,35,164870,0,0
fd00::203:3:3:3,19,0,0,215,175265,15,15,60,12,18446744073709551132,100,-87,15,30,60,557,0,38,175822,0,0
fd00::203:3:3:3,19,0,0,215,186219,16,16,60,12,18446744073709551131,100,-87,16,32,60,537,0,19,186756,0,0
fd00::203:3:3:3,19,0,0,215,197173,17,17,60,12,18446744073709551139,100,-87,17,34,60,540,0,36,197713,0,0
fd00::203:3:3:3,19,0,0,215,208127,18,18,60,12,18446744073709551124,100,-87,18,36,60,554,0,15,208681,0,0
fd00::203:3:3:3,19,0,0,215,219081,19,19,60,12,18446744073709551119,100,-87,19,38,60,527,0,14,219608,0,0
fd00::203:3:3:3,19,0,0,215,230035,20,21,60,12,18446744073709551106,100,-87,21,41,60,547,0,10,230582,0,0
fd00::203:3:3:3,19,0,0,215,240989,21,22,60,12,18446744073709551116,100,-87,22,43,60,551,0,49,241540,0,0
fd00::203:3:3:3,19,0,0,215,251943,22,23,60,12,18446744073709551115,100,-87,23,45,60,557,0,27,252500,0,0
fd00::203:3:3:3,19,0,0,215,262897,23,24,60,12,18446744073709551118,100,-87,24,47,60,558,0,19,263455,0,0
fd00::203:3:3:3,19,0,0,215,273851,24,25,60,12,18446744073709551106,100,-87,25,49,60,526,0,25,274377,0,0
fd00::203:3:3:3,19,0,0,215,284805,25,26,60,12,18446744073709551113,100,-87,26,51,60,552,0,14,285357,0,0
fd00::203:3:3:3,19,0,0,215,295759,26,27,60,12,18446744073709551136,100,-87,27,53,60,564,0,34,296323,0,0
fd00::203:3:3:3,19,0,0,215,306713,27,28,60,12,18446744073709551112,100,-87,28,55,60,554,0,15,307267,0,0
fd00::203:3:3:3,19,0,0,215,317667,28,29,60,12,18446744073709551133,100,-87,29,57,60,541,0,27,318208,0,0
fd00::203:3:3:3,19,0,0,215,328621,29,30,60,12,18446744073709551177,100,-87,30,59,60,549,0,55,329170,0,0
fd00::203:3:3:3,19,0,0,215,339575,30,32,60,12,18446744073709551146,100,-87,32,62,60,558,0,26,340133,0,0
fd00::203:3:3:3,19,0,0,215,350529,31,33,60,12,18446744073709551135,100,-87,33,64,60,557,0,21,351086,0,0
fd00::203:3:3:3,19,0,0,215,361483,32,34,60,12,18446744073709551122,100,-87,34,66,60,558,0,68,362041,0,0
fd00::203:3:3:3,19,0,0,215,372437,33,35,60,12,18446744073709551136,100,-87,35,68,60,535,0,36,372972,0,0
fd00::203:3:3:3,19,0,0,215,383391,34,36,60,12,18446744073709551136,100,-87,36,70,60,559,0,40,383950,0,0
fd00::203:3:3:3,19,0,0,215,394345,35,37,60,12,18446744073709551113,100,-87,37,72,60,542,0,48,394887,0,0
fd00::203:3:3:3,19,0,0,215,405299,36,38,60,12,18446744073709551116,100,-87,38,74,60,558,0,25,405857,0,0
fd00::203:3:3:3,19,0,0,215,416253,37,39,60,12,18446744073709551119,100,-87,39,76,60,560,0,28,416813,0,0
fd00::203:3:3:3,19,0,0,215,427207,38,40,60,12,18446744073709551118,100,-87,40,78,60,524,0,24,427731,0,0
fd00::203:3:3:3,19,0,0,215,438161,39,41,60,12,18446744073709551125,100,-87,41,80,60,530,0,115,438691,0,0
fd00::203:3:3:3,19,0,0,215,449115,40,42,60,12,18446744073709551136,100,-87,42,82,60,563,0,23,449678,0,0
fd00::203:3:3:3,19,0,0,215,460069,41,44,60,12,18446744073709551117,100,-87,44,85,60,563,0,33,460632,0,0
fd00::203:3:3:3,19,0,0,215,471023,42,45,60,12,18446744073709551205,100,-87,45,87,60,551,0,72,471574,0,0
fd00::203:3:3:3,19,0,0,215,481977,43,46,60,12,18446744073709551116,100,-87,46,89,60,528,0,28,482505,0,0
fd00::203:3:3:3,19,0,0,215,492931,44,47,60,12,18446744073709551130,100,-87,47,91,60,564,0,35,493495,0,0
fd00::203:3:3:3,19,0,0,215,503885,45,48,60,12,18446744073709551134,100,-87,48,93,60,535,0,37,504420,0,0
fd00::203:3:3:3,19,0,0,215,514839,46,49,60,12,18446744073709551114,100,-87,49,95,60,551,0,27,515390,0,0
fd00::203:3:3:3,19,0,0,215,525793,47,50,60,12,18446744073709551144,100,-87,50,97,60,549,0,41,526342,0,0
fd00::203:3:3:3,19,0,0,215,536747,48,51,60,12,18446744073709551106,100,-87,51,99,60,528,0,20,537275,0,0
fd00::203:3:3:3,19,0,0,215,547701,49,52,60,12,18446744073709551150,100,-87,52,101,60,540,0,35,548241,0,0
fd00::203:3:3:3,19,0,0,215,558655,50,53,60,12,18446744073709551178,100,-87,53,103,60,537,0,45,559192,0,0
fd00::203:3:3:3,19,0,0,215,569609,51,55,60,12,18446744073709551125,100,-87,55,106,60,528,0,17,570137,0,0
fd00::203:3:3:3,19,0,0,215,580563,52,56,60,12,18446744073709551139,100,-87,56,108,60,548,0,38,581111,0,0
fd00::203:3:3:3,19,0,0,215,591517,53,57,60,12,18446744073709551106,100,-87,57,110,60,547,0,15,592064,0,0
fd00::203:3:3:3,19,0,0,215,602471,54,58,60,12,18446744073709551128,100,-87,58,112,60,531,0,17,603002,0,0
fd00::203:3:3:3,19,0,0,215,613425,55,59,60,12,18446744073709551124,100,-87,59,114,60,555,0,34,613980,0,0
fd00::203:3:3:3,19,0,0,215,624379,56,60,60,12,18446744073709551121,100,-87,60,116,60,552,0,16,624931,0,0
fd00::203:3:3:3,19,0,0,215,635333,57,61,60,12,18446744073709551141,100,-87,61,118,60,537,0,60,635870,0,0
fd00::203:3:3:3,19,0,0,215,646287,58,62,60,12,18446744073709551181,100,-87,62,120,60,527,0,48,646814,0,0
fd00::203:3:3:3,19,0,0,215,657241,59,63,60,12,18446744073709551143,100,-87,63,122,60,549,0,31,657790,0,0
fd00::203:3:3:3,19,0,0,215,668195,60,64,60,12,18446744073709551119,100,-87,64,124,60,536,0,14,668731,0,0
fd00::203:3:3:3,19,0,0,215,679149,61,65,60,12,18446744073709551133,100,-87,65,126,60,526,0,56,679675,0,0
fd00::203:3:3:3,19,0,0,215,690103,62,67,60,12,18446744073709551126,100,-87,67,129,60,537,0,16,690640,0,0
fd00::203:3:3:3,19,0,0,215,701057,63,68,60,12,18446744073709551117,100,-87,68,131,60,561,0,27,701618,0,0
fd00::203:3:3:3,19,0,0,215,712011,64,69,60,12,18446744073709551119,100,-87,69,133,60,539,0,121,712550,0,0
fd00::203:3:3:3,19,0,0,215,722965,65,70,60,12,18446744073709551137,100,-87,70,135,60,531,0,61,723496,0,0
fd00::203:3:3:3,19,0,0,215,733919,66,71,60,12,18446744073709551147,100,-87,71,137,60,529,0,34,734448,0,0
fd00::203:3:3:3,19,0,0,215,744873,67,72,60,12,18446744073709551108,100,-87,72,139,60,543,0,23,745416,0,0
fd00::203:3:3:3,19,0,0,215,755827,68,73,60,12,18446744073709551108,100,-87,73,141,60,560,0,23,756387,0,0
fd00::203:3:3:3,19,0,0,215,766781,69,74,60,12,18446744073709551129,100,-87,74,143,60,531,0,20,767312,0,0
fd00::203:3:3:3,19,0,0,215,777735,70,75,60,12,18446744073709551116,100,-87,75,145,60,539,0,11,778274,0,0
fd00::203:3:3:3,19,0,0,215,788689,71,76,60,12,18446744073709551145,100,-87,76,147,60,563,0,75,789252,0,0
fd00::203:3:3:3,19,0,0,215,799643,72,78,60,12,18446744073709551146,100,-87,78,150,60,555,0,42,800198,0,0
fd00::203:3:3:3,19,0,0,215,810597,73,79,60,12,18446744073709551108,100,-87,79,152,60,557,0,7,811154,0,0
fd00::203:3:3:3,19,0,0,215,821551,74,80,60,12,18446744073709551110,100,-87,80,154,60,545,0,20,822096,0,0
fd00::203:3:3:3,19,0,0,215,832505,75,81,60,12,18446744073709551121,100,-87,81,156,60,524,0,19,833029,0,0
fd00::203:3:3:3,19,0,0,215,843459,76,82,60,12,18446744073709551111,100,-87,82,158,60,540,0,12,843999,0,0
fd00::203:3:3:3,19,0,0,215,854413,77,83,60,12,18446744073709551120,100,-87,83,160,60,541,0,15,854954,0,0
fd00::203:3:3:3,19,0,0,215,865367,78,84,60,12,18446744073709551109,100,-87,84,162,60,529,0,13,865896,0,0
fd00::203:3:3:3,19,0,0,215,876321,79,85,60,12,18446744073709551124,100,-87,85,164,60,544,0,29,876865,0,0
fd00::203:3:3:3,19,0,0,215,887275,80,86,60,12,18446744073709551118,100,-87,86,166,60,547,0,17,887822,0,0
fd00::203:3:3:3,19,0,0,215,898229,81,87,60,12,18446744073709551133,100,-87,87,168,60,558,0,21,898787,0,0
fd00::203:3:3:3,19,0,0,215,909183,82,88,60,12,18446744073709551147,100,-87,88,170,60,551,0,40,909734,0,0
fd00::203:3:3:3,19,0,0,215,920137,83,90,60,12,18446744073709551142,100,-87,90,173,60,535,0,78,920672,0,0
fd00::203:3:3:3,19,0,0,215,931091,84,91,60,12,18446744073709551144,100,-87,91,175,60,556,0,39,931647,0,0
fd00::203:3:3:3,19,0,0,214,942045,85,92,60,12,18446744073709551126,100,-87,92,177,60,546,0,36,942591,0,0
fd00::203:3:3:3,19,0,0,215,952999,86,93,60,12,18446744073709551141,100,-87,93,179,60,542,0,43,953541,0,0
fd00::203:3:3:3,19,0,0,215,963953,87,94,60,12,18446744073709551128,100,-87,94,181,60,548,0,33,964501,0,0
fd00::203:3:3:3,19,0,0,215,974907,88,95,60,12,18446744073709551131,100,-87,95,183,60,559,0,32,975466,0,0
fd00::203:3:3:3,19,0,0,215,985861,89,96,60,12,18446744073709551128,100,-87,96,185,60,536,0,20,986397,0,0
fd00::203:3:3:3,19,0,0,215,996815,90,97,60,12,18446744073709551141,100,-87,97,187,60,524,0,27,997339,0,0
fd00::203:3:3:3,19,0,0,215,1007769,91,98,60,12,18446744073709551124,100,-87,98,189,60,524,0,17,1008293,0,0
fd00::203:3:3:3,19,0,0,215,1018723,92,99,60,12,18446744073709551106,100,-87,99,191,60,551,0,11,1019274,0,0
fd00::203:3:3:3,19,0,0,215,1029677,93,101,60,12,18446744073709551121,100,-87,101,194,60,530,0,31,1030207,0,0
fd00::203:3:3:3,19,0,0,215,1040631,94,102,60,12,18446744073709551108,100,-87,102,196,60,553,0,23,1041184,0,0
fd00::203:3:3:3,19,0,0,215,1051585,95,103,60,12,18446744073709551125,100,-87,103,198,60,557,0,58,1052142,0,0
fd00::203:3:3:3,19,0,0,215,1062539,96,104,60,12,18446744073709551106,100,-87,104,200,60,524,0,12,1063063,0,0
fd00::203:3:3:3,19,0,0,215,1073493,97,105,60,12,18446744073709551139,100,-87,105,202,60,532,0,34,1074025,0,0
fd00::203:3:3:3,19,0,0,215,1084447,98,106,60,12,18446744073709551106,100,-87,106,204,60,560,0,14,1085007,0,0
fd00::203:3:3:3,19,0,0,215,1095401,99,107,60,12,18446744073709551145,100,-87,107,206,60,550,0,31,1095951,0,0
fd00::203:3:3:3,19,0,0,215,1106355,100,108,60,12,18446744073709551122,100,-87,108,208,60,547,0,31,1106902,0,0
fd00::203:3:3:3,19,0,0,215,1117309,101,109,60,12,18446744073709551144,100,-87,109,210,60,556,0,36,1117865,0,0
fd00::203:3:3:3,19,0,0,215,1128263,102,110,60,12,18446744073709551129,100,-87,110,212,60,560,0,27,1128823,0,0
fd00::203:3:3:3,19,0,0,215,1139217,103,111,60,12,18446744073709551142,100,-87,111,214,60,536,0,40,1139753,0,0
fd00::203:3:3:3,19,0,0,215,1150171,104,113,60,12,18446744073709551143,100,-87,113,217,60,538,0,41,1150709,0,0
fd00::203:3:3:3,19,0,0,215,1161125,105,114,60,12,18446744073709551143,100,-87,114,219,60,530,0,32,1161655,0,0
fd00::203:3:3:3,19,0,0,215,1172079,106,115,60,12,18446744073709551118,100,-87,115,221,60,539,0,31,1172618,0,0
fd00::203:3:3:3,19,0,0,215,1183033,107,116,60,12,18446744073709551139,100,-87,116,223,60,533,0,31,1183566,0,0
fd00::203:3:3:3,19,0,0,215,1193987,108,117,60,12,18446744073709551115,100,-87,117,225,60,540,0,30,1194527,0,0
fd00::203:3:3:3,19,0,0,215,1204941,109,118,60,12,18446744073709551129,100,-87,118,227,60,549,0,28,1205490,0,0
fd00::203:3:3:3,19,0,0,215,1215895,110,119,60,12,18446744073709551136,100,-87,119,229,60,563,0,30,1216458,0,0
fd00::203:3:3:3,19,0,0,215,1226849,111,120,60,12,18446744073709551120,100,-87,120,231,60,562,0,22,1227411,0,0
fd00::203:3:3:3,19,0,0,215,1237803,112,121,60,12,18446744073709551112,100,-87,121,233,60,564,0,20,1238367,0,0
fd00::203:3:3:3,19,0,0,215,1248757,113,122,60,12,18446744073709551106,100,-87,122,235,60,561,0,19,1249318,0,0
fd00::203:3:3:3,19,0,0,215,1259711,114,124,60,12,18446744073709551131,100,-87,124,238,60,534,0,31,1260245,0,0
fd00::203:3:3:3,19,0,0,215,1270665,115,125,60,12,18446744073709551119,100,-87,125,240,60,524,0,29,1271189,0,0
fd00::203:3:3:3,19,0,0,215,1281619,116,126,60,12,18446744073709551126,100,-87,126,242,60,562,0,34,1282181,0,0
fd00::203:3:3:3,19,0,0,215,1292573,117,127,60,12,18446744073709551143,100,-87,127,244,60,563,0,53,1293136,0,0
fd00::203:3:3:3,19,0,0,215,1303527,118,128,60,12,18446744073709551134,100,-87,128,246,60,554,0,25,1304081,0,0
fd00::203:3:3:3,19,0,0,215,1314481,119,129,60,12,18446744073709551134,100,-87,129,248,60,547,0,28,1315028,0,0
fd00::203:3:3:3,19,0,0,215,1325435,120,130,60,12,18446744073709551113,100,-87,130,250,60,539,0,10,1325974,0,0
fd00::203:3:3:3,19,0,0,215,1336389,121,131,60,12,18446744073709551106,100,-87,131,252,60,558,0,23,1336947,0,0
fd00::203:3:3:3,19,0,0,215,1347343,122,132,60,12,18446744073709551116,100,-87,132,254,60,547,0,28,1347890,0,0
fd00::203:3:3:3,19,0,0,214,1358297,123,133,60,12,18446744073709551126,100,-87,133,256,60,550,0,27,1358847,0,0
fd00::203:3:3:3,19,0,0,214,1369251,124,134,60,12,18446744073709551116,100,-87,134,258,60,561,0,16,1369812,0,0
fd00::203:3:3:3,19,0,0,215,1380205,125,136,60,12,18446744073709551140,100,-87,136,261,60,533,0,25,1380738,0,0
fd00::203:3:3:3,19,0,0,215,1391159,126,137,60,12,18446744073709551119,100,-87,137,263,60,538,0,18,1391697,0,0
fd00::203:3:3:3,19,0,0,215,1402113,127,138,60,12,18446744073709551106,100,-87,138,265,60,536,0,8,1402649,0,0
fd00::203:3:3:3,19,0,0,215,1413067,128,139,60,12,18446744073709551125,100,-87,139,267,60,558,0,25,1413625,0,0
fd00::203:3:3:3,19,0,0,215,1424021,129,140,60,12,18446744073709551120,100,-87,140,269,60,552,0,19,1424573,0,0
fd00::203:3:3:3,19,0,0,215,1434975,130,141,60,12,18446744073709551128,100,-87,141,271,60,560,0,33,1435535,0,0
fd00::203:3:3:3,19,0,0,215,1445929,131,142,60,12,18446744073709551106,100,-87,142,273,60,547,0,17,1446476,0,0
fd00::203:3:3:3,19,0,0,215,1456883,132,143,60,12,18446744073709551121,100,-87,143,275,60,546,0,14,1457429,0,0
fd00::203:3:3:3,19,0,0,215,1467837,133,144,60,12,18446744073709551115,100,-87,144,277,60,525,0,12,1468362,0,0
fd00::203:3:3:3,19,0,0,215,1478791,134,145,60,12,18446744073709551136,100,-87,145,279,60,562,0,39,1479353,0,0
fd00::203:3:3:3,19,0,0,215,1489745,135,147,60,12,18446744073709551133,100,-87,147,282,60,525,0,23,1490270,0,0
fd00::203:3:3:3,19,0,0,215,1500699,136,148,60,12,18446744073709551116,100,-87,148,284,60,533,0,19,1501232,0,0
fd00::203:3:3:3,19,0,0,215,1511653,137,149,60,12,18446744073709551145,100,-87,149,286,60,533,0,77,1512186,0,0
fd00::203:3:3:3,19,0,0,215,1522607,138,150,60,12,18446744073709551126,100,-87,150,288,60,529,0,30,1523136,0,0
fd00::203:3:3:3,19,0,0,215,1533561,139,151,60,12,18446744073709551121,100,-87,151,290,60,535,0,20,1534096,0,0
fd00::203:3:3:3,19,0,0,215,1544515,140,152,60,12,18446744073709551106,100,-87,152,292,60,561,0,25,1545076,0,0
fd00::203:3:3:3,19,0,0,215,1555469,141,153,60,12,18446744073709551138,100,-87,153,294,60,542,0,38,1556011,0,0
fd00::203:3:3:3,19,0,0,215,1566423,142,154,60,12,18446744073709551121,100,-87,154,296,60,551,0,26,1566974,0,0
fd00::203:3:3:3,19,0,0,215,1577377,143,155,60,12,18446744073709551126,100,-87,155,298,60,539,0,54,1577916,0,0
fd00::203:3:3:3,19,0,0,215,1588331,144,156,60,12,18446744073709551109,100,-87,156,300,60,546,0,46,1588877,0,0
fd00::203:3:3:3,19,0,0,215,1599285,145,157,60,12,18446744073709551112,100,-87,157,302,60,541,0,12,1599826,0,0
fd00::203:3:3:3,19,0,0,215,1610239,146,159,60,12,18446744073709551124,100,-87,159,305,60,564,0,24,1610803,0,0
fd00::203:3:3:3,19,0,0,215,1621193,147,160,60,12,18446744073709551113,100,-87,160,307,60,528,0,53,1621721,0,0
fd00::203:3:3:3,19,0,0,215,1632147,148,161,60,12,18446744073709551150,100,-87,161,309,60,532,0,28,1632679,0,0
fd00::203:3:3:3,19,0,0,215,1643101,149,162,60,12,18446744073709551139,100,-87,162,311,60,524,0,24,1643625,0,0
fd00::203:3:3:3,19,0,0,215,1654055,150,163,60,12,18446744073709551125,100,-87,163,313,60,559,0,30,1654614,0,0
fd00::203:3:3:3,19,0,0,215,1665009,151,164,60,12,18446744073709551106,100,-87,164,315,60,555,0,21,1665564,0,0
fd00::203:3:3:3,19,0,0,215,1675963,152,165,60,12,18446744073709551119,100,-87,165,317,60,564,0,14,1676527,0,0
fd00::203:3:3:3,19,0,0,215,1686917,153,166,60,12,18446744073709551143,100,-87,166,319,60,531,0,43,1687448,0,0
fd00::203:3:3:3,19,0,0,215,1697871,154,167,60,12,18446744073709551122,100,-87,167,321,60,542,0,33,1698413,0,0
fd00::203:3:3:3,19,0,0,215,1708825,155,168,60,12,18446744073709551120,100,-87,168,323,60,550,0,24,1709375,0,0
fd00::203:3:3:3,19,0,0,215,1719779,156,170,60,12,18446744073709551106,100,-87,170,326,60,546,0,53,1720325,0,0
fd00::203:3:3:3,19,0,0,215,1730733,157,171,60,12,18446744073709551108,100,-87,171,328,60,527,0,27,1731260,0,0
fd00::203:3:3:3,19,0,0,215,1741687,158,172,60,12,18446744073709551140,100,-87,172,330,60,561,0,25,1742248,0,0
fd00::203:3:3:3,19,0,0,215,1752641,159,173,60,12,18446744073709551138,100,-87,173,332,60,531,0,37,1753172,0,0
fd00::203:3:3:3,19,0,0,215,1763595,160,174,60,12,18446744073709551121,100,-87,174,334,60,536,0,63,1764131,0,0
fd00::203:3:3:3,19,0,0,214,1774549,161,175,60,12,18446744073709551175,100,-87,175,336,60,561,0,49,1775110,0,0
fd00::203:3:3:3,19,0,0,214,1785503,162,176,60,12,18446744073709551136,100,-87,176,338,60,561,0,24,1786064,0,0
fd00::203:3:3:3,19,0,0,215,1796457,163,177,60,12,18446744073709551108,100,-87,177,340,60,528,0,51,1796985,0,0
fd00::203:3:3:3,19,0,0,215,1807411,164,178,60,12,18446744073709551128,100,-87,178,342,60,524,0,17,1807935,0,0
fd00::203:3:3:3,19,0,0,215,1818365,165,179,60,12,18446744073709551138,100,-87,179,344,60,532,0,50,1818897,0,0
fd00::203:3:3:3,19,0,0,215,1829319,166,180,60,12,18446744073709551115,100,-87,180,346,60,548,0,15,1829867,0,0
fd00::203:3:3:3,19,0,1,214,1840273,167,182,60,12,18446744073709551111,100,-87,182,349,60,538,0,18,1840811,0,0
fd00::203:3:3:3,19,0,0,215,1851227,168,183,60,12,18446744073709551141,100,-87,183,351,60,558,0,42,1851785,0,0
fd00::203:3:3:3,19,0,0,215,1862181,169,184,60,12,18446744073709551116,100,-87,184,353,60,528,0,24,1862709,0,0
fd00::203:3:3:3,19,0,0,215,1873135,170,185,60,12,18446744073709551226,100,-87,185,355,60,540,0,76,1873675,0,0
fd00::203:3:3:3,19,0,0,214,1884089,171,186,60,12,18446744073709551115,100,-87,186,357,60,531,0,44,1884620,0,0
fd00::203:3:3:3,19,0,0,214,1895043,172,187,60,12,18446744073709551144,100,-87,187,359,60,547,0,41,1895590,0,0
fd00::203:3:3:3,19,0,0,215,1905997,173,188,60,12,18446744073709551135,100,-87,188,361,60,528,0,24,1906525,0,0
fd00::203:3:3:3,19,0,0,215,1916951,174,189,60,12,18446744073709551145,100,-87,189,363,60,526,0,36,1917477,0,0
fd00::203:3:3:3,19,0,0,215,1927905,175,190,60,12,18446744073709551120,100,-87,190,365,60,536,0,21,1928441,0,0
fd00::203:3:3:3,19,0,0,214,1938859,176,191,60,12,18446744073709551128,100,-87,191,367,60,549,0,35,1939408,0,0
fd00::203:3:3:3,19,0,0,214,1949813,177,193,60,12,18446744073709551143,100,-87,193,370,60,531,0,83,1950344,0,0
fd00::203:3:3:3,19,0,0,215,1960767,178,194,60,12,18446744073709551124,100,-87,194,372,60,538,0,31,1961305,0,0
fd00::203:3:3:3,19,0,0,215,1971721,179,195,60,12,18446744073709551181,100,-87,195,374,60,551,0,54,1972272,0,0
fd00::203:3:3:3,19,0,0,215,1982675,180,196,60,12,18446744073709551106,100,-87,196,376,60,546,0,17,1983221,0,0
fd00::203:3:3:3,19,0,0,214,1993629,181,197,60,12,18446744073709551131,100,-87,197,378,60,558,0,24,1994187,0,0
fd00::203:3:3:3,19,0,0,214,2004583,182,198,60,12,18446744073709551114,100,-87,198,380,60,556,0,24,2005139,0,0
fd00::203:3:3:3,19,0,0,215,2015537,183,199,60,12,18446744073709551113,100,-87,199,382,60,537,0,10,2016074,0,0
fd00::203:3:3:3,19,0,0,215,2026491,184,200,60,12,18446744073709551139,100,-87,200,384,60,560,0,39,2027051,0,0
fd00::203:3:3:3,19,0,0,215,2037445,185,201,60,12,18446744073709551116,100,-87,201,386,60,543,0,11,2037988,0,0
fd00::203:3:3:3,19,0,0,214,2048399,186,202,60,12,18446744073709551114,100,-87,202,388,60,529,0,59,2048928,0,0
fd00::203:3:3:3,19,0,0,214,2059353,187,203,60,12,18446744073709551121,100,-87,203,390,60,525,0,29,2059878,0,0
fd00::203:3:3:3,19,0,0,215,2070307,188,205,60,12,18446744073709551139,100,-87,205,393,60,552,0,24,2070859,0,0
fd00::203:3:3:3,19,0,0,215,2081261,189,206,60,12,18446744073709551124,100,-87,206,395,60,563,0,28,2081824,0,0
fd00::203:3:3:3,19,0,0,214,2092215,190,207,60,12,18446744073709551144,100,-87,207,397,60,554,0,36,2092769,0,0
fd00::203:3:3:3,19,0,0,214,2103169,191,208,60,12,18446744073709551112,100,-87,208,399,60,553,0,12,2103722,0,0
fd00::203:3:3:3,19,0,0,215,2114123,192,209,60,12,18446744073709551133,100,-87,209,401,60,528,0,40,2114651,0,0
fd00::203:3:3:3,19,0,0,215,2125077,193,210,60,12,18446744073709551134,100,-87,210,403,60,562,0,34,2125639,0,0
fd00::203:3:3:3,19,0,0,215,2136031,194,211,60,12,18446744073709551106,100,-87,211,405,60,554,0,10,2136585,0,0
fd00::203:3:3:3,19,0,0,214,2146985,195,212,60,12,18446744073709551119,100,-87,212,407,60,553,0,47,2147538,0,0
fd00::203:3:3:3,19,0,0,214,2157939,196,213,60,12,18446744073709551108,100,-87,213,409,60,525,0,11,2158464,0,0
fd00::203:3:3:3,19,0,0,214,2168893,197,214,60,12,18446744073709551118,100,-87,214,411,60,527,0,25,2169420,0,0
fd00::203:3:3:3,19,0,0,215,2179847,198,216,60,12,18446744073709551106,100,-87,216,414,60,546,0,9,2180393,0,0
fd00::203:3:3:3,19,0,0,215,2190801,199,217,60,12,18446744073709551119,100,-87,217,416,60,536,0,30,2191337,0,0
fd00::203:3:3:3,19,0,0,214,2201755,200,218,60,12,18446744073709551117,100,-87,218,418,60,553,0,14,2202308,0,0
fd00::203:3:3:3,19,0,0,214,2212709,201,219,60,12,18446744073709551120,100,-87,219,420,60,561,0,27,2213270,0,0
fd00::203:3:3:3,19,0,0,215,2223663,202,220,60,12,18446744073709551115,100,-87,220,422,60,534,0,11,2224197,0,0
fd00::203:3:3:3,19,0,0,215,2234617,203,221,60,12,18446744073709551131,100,-87,221,424,60,562,0,70,2235179,0,0
fd00::203:3:3:3,19,0,0,215,2245571,204,222,60,12,18446744073709551140,100,-87,222,426,60,549,0,25,2246120,0,0
fd00::203:3:3:3,19,0,0,214,2256525,205,223,60,12,18446744073709551143,100,-87,223,428,60,545,0,37,2257070,0,0
fd00::203:3:3:3,19,0,0,214,2267479,206,224,60,12,18446744073709551125,100,-87,224,430,60,547,0,16,2268026,0,0
fd00::203:3:3:3,19,0,0,215,2278433,207,225,60,12,18446744073709551124,100,-87,225,432,60,557,0,49,2278990,0,0
fd00::203:3:3:3,19,0,0,215,2289387,208,226,60,12,18446744073709551141,100,-87,226,434,60,561,0,29,2289948,0,0
fd00::203:3:3:3,19,0,0,214,2300341,209,228,60,12,18446744073709551108,100,-87,228,437,60,561,0,16,2300902,0,0
fd00::203:3:3:3,19,0,0,214,2311295,210,229,60,12,18446744073709551216,100,-87,229,439,60,561,0,65,2311856,0,0
fd00::203:3:3:3,19,0,0,215,2322249,211,230,60,12,18446744073709551141,100,-87,230,441,60,529,0,42,2322778,0,0
fd00::203:3:3:3,19,0,0,215,2333203,212,231,60,12,18446744073709551120,100,-87,231,443,60,541,0,32,2333744,0,0
fd00::203:3:3:3,19,0,0,215,2344157,213,232,60,12,18446744073709551141,100,-87,232,445,60,525,0,40,2344682,0,0
fd00::203:3:3:3,19,0,0,215,2355111,214,233,60,12,18446744073709551117,100,-87,233,447,60,551,0,31,2355662,0,0
fd00::203:3:3:3,19,0,0,214,2366065,215,234,60,12,18446744073709551107,100,-87,234,449,60,528,0,11,2366593,0,0
fd00::203:3:3:3,19,0,0,214,2377019,216,235,60,12,18446744073709551143,100,-87,235,451,60,560,0,41,2377579,0,0
fd00::203:3:3:3,19,0,0,215,2387973,217,236,60,12,18446744073709551114,100,-87,236,453,60,524,0,17,2388497,0,0
fd00::203:3:3:3,19,0,0,215,2398927,218,237,60,12,18446744073709551140,100,-87,237,455,60,524,0,31,2399451,0,0
fd00::203:3:3:3,19,0,0,214,2409881,219,239,60,12,18446744073709551134,100,-87,239,458,60,549,0,32,2410430,0,0
fd00::203:3:3:3,19,0,0,214,2420835,220,240,60,12,18446744073709551110,100,-87,240,460,60,530,0,12,2421365,0,0
fd00::203:3:3:3,19,0,0,215,2431789,221,241,60,12,18446744073709551115,100,-87,241,462,60,557,0,20,2432346,0,0
fd00::203:3:3:3,19,0,0,215,2442743,222,242,60,12,18446744073709551117,100,-87,242,464,60,557,0,13,2443300,0,0
fd00::203:3:3:3,19,0,0,215,2453697,223,243,60,12,18446744073709551133,100,-87,243,466,60,552,0,36,2454249,0,0
fd00::203:3:3:3,19,0,0,214,2464651,224,244,60,12,18446744073709551115,100,-87,244,468,60,552,0,26,2465203,0,0
fd00::203:3:3:3,19,0,0,214,2475605,225,245,60,12,18446744073709551128,100,-87,245,470,60,544,0,22,2476149,0,0
fd00::203:3:3:3,19,0,0,215,2486559,226,246,60,12,18446744073709551123,100,-87,246,472,60,530,0,23,2487089,0,0
fd00::203:3:3:3,19,0,0,215,2497513,227,247,60,12,18446744073709551120,100,-87,247,474,60,552,0,21,2498065,0,0
fd00::203:3:3:3,19,0,0,215,2508467,228,248,60,12,18446744073709551140,100,-87,248,476,60,538,0,32,2509005,0,0
fd00::203:3:3:3,19,0,0,215,2519421,229,249,60,12,18446744073709551110,100,-87,249,478,60,528,0,10,2519949,0,0
fd00::203:3:3:3,19,0,1,214,2530375,230,251,60,12,18446744073709551136,100,-87,251,481,60,540,0,37,2530915,0,0
fd00::203:3:3:3,19,0,0,215,2541329,231,252,60,12,18446744073709551120,100,-87,252,483,60,538,0,13,2541867,0,0
fd00::203:3:3:3,19,0,0,215,2552283,232,253,60,12,18446744073709551147,100,-87,253,485,60,550,0,36,2552833,0,0
fd00::203:3:3:3,19,0,0,215,2563237,233,254,60,12,18446744073709551138,100,-87,254,487,60,549,0,28,2563786,0,0
fd00::203:3:3:3,19,0,0,214,2574191,234,255,60,12,18446744073709551119,100,-87,255,489,60,533,0,24,2574724,0,0
fd00::203:3:3:3,19,0,0,214,2585145,235,256,60,12,18446744073709551108,100,-87,256,491,60,541,0,24,2585686,0,0
fd00::203:3:3:3,19,0,0,215,2596099,236,257,60,12,18446744073709551108,100,-87,257,493,60,557,0,21,2596656,0,0
fd00::203:3:3:3,19,0,0,215,2607053,237,258,60,12,18446744073709551139,100,-87,258,495,60,552,0,23,2607605,0,0
fd00::203:3:3:3,19,0,0,215,2618007,238,259,60,12,18446744073709551149,100,-87,259,497,60,546,0,51,2618553,0,0
fd00::203:3:3:3,19,0,0,215,2628961,239,260,60,12,18446744073709551145,100,-87,260,499,60,531,0,27,2629492,0,0
fd00::203:3:3:3,19,0,0,215,2639915,240,262,60,12,18446744073709551143,100,-87,262,502,60,527,0,25,2640442,0,0
fd00::203:3:3:3,19,0,0,215,2650869,241,263,60,12,18446744073709551142,100,-87,263,504,60,544,0,63,2651413,0,0
fd00::203:3:3:3,19,0,0,215,2661823,242,264,60,12,18446744073709551123,100,-87,264,506,60,535,0,27,2662358,0,0
fd00::203:3:3:3,19,0,0,215,2672777,243,265,60,12,18446744073709551117,100,-87,265,508,60,554,0,41,2673331,0,0
fd00::203:3:3:3,19,0,0,215,2683731,244,266,60,12,18446744073709551126,100,-87,266,510,60,544,0,16,2684275,0,0
fd00::203:3:3:3,19,0,0,215,2694685,245,267,60,12,18446744073709551125,100,-87,267,512,60,548,0,19,2695233,0,0
fd00::203:3:3:3,19,0,0,215,2705639,246,268,60,12,18446744073709551136,100,-87,268,514,60,539,0,39,2706178,0,0
fd00::203:3:3:3,19,0,0,215,2716593,247,269,60,12,18446744073709551141,100,-87,269,516,60,564,0,33,2717157,0,0
fd00::203:3:3:3,19,0,0,215,2727547,248,270,60,12,18446744073709551108,100,-87,270,518,60,526,0,14,2728073,0,0
fd00::203:3:3:3,19,0,0,215,2738501,249,271,60,12,18446744073709551118,100,-87,271,520,60,560,0,17,2739061,0,0
fd00::203:3:3:3,19,0,0,215,2749455,250,272,60,12,18446744073709551113,100,-87,272,522,60,539,0,27,2749994,0,0
fd00::203:3:3:3,19,0,0,215,2760409,251,274,60,12,18446744073709551116,100,-87,274,525,60,537,0,19,2760946,0,0
fd00::203:3:3:3,19,0,0,215,2771363,252,275,60,12,18446744073709551112,100,-87,275,527,60,562,0,9,2771925,0,0
fd00::203:3:3:3,19,0,0,215,2782317,253,276,60,12,18446744073709551131,100,-87,276,529,60,546,0,24,2782863,0,0
fd00::203:3:3:3,19,0,0,215,2793271,254,277,60,12,18446744073709551144,100,-87,277,531,60,541,0,44,2793812,0,0
fd00::203:3:3:3,19,0,0,215,2804225,255,278,60,12,18446744073709551134,100,-87,278,533,60,541,0,37,2804766,0,0
fd00::203:3:3:3,19,0,0,215,2815179,256,279,60,12,18446744073709551133,100,-87,279,535,60,550,0,37,2815729,0,0
fd00::203:3:3:3,19,0,0,215,2826133,257,280,60,12,18446744073709551128,100,-87,280,537,60,549,0,66,2826682,0,0
fd00::203:3:3:3,19,0,0,215,2837087,258,281,60,12,18446744073709551139,100,-87,281,539,60,538,0,37,2837625,0,0
fd00::203:3:3:3,19,0,0,215,2848041,259,282,60,12,18446744073709551107,100,-87,282,541,60,525,0,38,2848566,0,0
fd00::203:3:3:3,19,0,0,215,2858995,260,283,60,12,18446744073709551114,100,-87,283,543,60,550,0,24,2859545,0,0
fd00::203:3:3:3,19,0,0,215,2869949,261,285,60,12,18446744073709551126,100,-87,285,546,60,544,0,29,2870493,0,0
fd00::203:3:3:3,19,0,0,215,2880903,262,286,60,12,18446744073709551120,100,-87,286,548,60,536,0,110,2881439,0,0
fd00::203:3:3:3,19,0,0,215,2891857,263,287,60,12,18446744073709551106,100,-87,287,550,60,541,0,70,2892398,0,0
fd00::203:3:3:3,19,0,0,215,2902811,264,288,60,12,18446744073709551135,100,-87,288,552,60,550,0,23,2903361,0,0
fd00::203:3:3:3,19,0,0,215,2913765,265,289,60,12,18446744073709551139,100,-87,289,554,60,548,0,62,2914313,0,0
fd00::203:3:3:3,19,0,0,215,2924719,266,290,60,12,18446744073709551143,100,-87,290,556,60,530,0,36,2925249,0,0
fd00::203:3:3:3,19,0,0,215,2935673,267,291,60,12,18446744073709551139,100,-87,291,558,60,531,0,36,2936204,0,0
fd00::203:3:3:3,19,0,0,215,2946627,268,292,60,12,18446744073709551109,100,-87,292,560,60,530,0,21,2947157,0,0
fd00::203:3:3:3,19,0,0,215,2957581,269,293,60,12,18446744073709551136,100,-87,293,562,60,532,0,23,2958113,0,0
fd00::203:3:3:3,19,0,0,215,2968535,270,294,60,12,18446744073709551120,100,-87,294,564,60,552,0,20,2969087,0,0
fd00::203:3:3:3,19,0,0,215,2979489,271,295,60,12,18446744073709551142,100,-87,296,566,60,553,0,44,2980042,1,1
fd00::203:3:3:3,19,0,0,215,2990443,272,297,60,12,18446744073709551130,100,-87,297,569,60,525,0,46,2990968,0,0
fd00::203:3:3:3,19,0,0,215,3001397,273,298,60,12,18446744073709551109,100,-87,298,571,60,531,0,14,3001928,0,0
fd00::203:3:3:3,19,0,0,215,3012351,274,299,60,12,18446744073709551138,100,-87,299,573,60,526,0,31,3012877,0,0
fd00::203:3:3:3,19,0,0,215,3023305,275,300,60,12,18446744073709551131,100,-87,300,575,60,557,0,65,3023862,0,0
fd00::203:3:3:3,19,0,0,215,3034259,276,301,60,12,18446744073709551106,100,-87,301,577,60,540,0,13,3034799,0,0
fd00::203:3:3:3,19,0,0,215,3045213,277,302,60,12,18446744073709551125,100,-87,302,579,60,537,0,42,3045750,0,0
fd00::203:3:3:3,19,0,0,215,3056167,278,303,60,12,18446744073709551143,100,-87,303,581,60,552,0,42,3056719,0,0
fd00::203:3:3:3,19,0,0,215,3067121,279,304,60,12,18446744073709551128,100,-87,304,583,60,562,0,18,3067683,0,0
fd00::203:3:3:3,19,0,0,215,3078075,280,305,60,12,18446744073709551138,100,-87,305,585,60,537,0,36,3078612,0,0
fd00::203:3:3:3,19,0,0,215,3089029,281,306,60,12,18446744073709551128,100,-87,306,587,60,524,0,34,3089553,0,0
fd00::203:3:3:3,19,0,0,215,3099983,282,308,60,12,18446744073709551141,100,-87,308,590,60,537,0,32,3100520,0,0
fd00::203:3:3:3,19,0,0,215,3110937,283,309,60,12,18446744073709551119,100,-87,309,592,60,539,0,32,3111476,0,0
fd00::203:3:3:3,19,0,0,215,3121891,284,310,60,12,18446744073709551117,100,-87,310,594,60,555,0,15,3122446,0,0
fd00::203:3:3:3,19,0,0,215,3132845,285,311,60,12,18446744073709551113,100,-87,311,596,60,559,0,24,3133404,0,0
fd00::203:3:3:3,19,0,0,215,3143799,286,312,60,12,18446744073709551127,100,-87,312,598,60,524,0,18,3144323,0,0
fd00::203:3:3:3,19,0,0,215,3154753,287,313,60,12,18446744073709551117,100,-87,313,600,60,524,0,28,3155277,0,0
fd00::203:3:3:3,19,0,0,215,3165707,288,314,60,12,18446744073709551115,100,-87,314,602,60,550,0,20,3166257,0,0
fd00::203:3:3:3,19,0,0,215,3176661,289,315,60,12,18446744073709551125,100,-87,315,604,60,548,0,24,3177209,0,0
fd00::203:3:3:3,19,0,0,215,3187615,290,316,60,12,18446744073709551119,100,-87,316,606,60,559,0,42,3188174,0,0
fd00::203:3:3:3,19,0,0,215,3198569,291,317,60,12,18446744073709551127,100,-87,317,608,60,539,0,29,3199108,0,0
fd00::203:3:3:3,19,0,0,214,3209523,292,318,60,12,18446744073709551145,100,-87,319,610,60,562,0,73,3210085,1,1
fd00::203:3:3:3,19,0,1,214,3220477,293,320,60,12,18446744073709551113,100,-87,320,613,60,527,0,12,3221004,0,0
fd00::203:3:3:3,19,0,0,215,3231431,294,321,60,12,18446744073709551126,100,-87,321,615,60,553,0,27,3231984,0,0
fd00::203:3:3:3,19,0,0,215,3242385,295,322,60,12,18446744073709551117,100,-87,322,617,60,548,0,25,3242933,0,0
fd00::203:3:3:3,19,0,0,215,3253339,296,323,60,12,18446744073709551131,100,-87,323,619,60,524,0,35,3253863,0,0
fd00::203:3:3:3,19,0,0,215,3264293,297,324,60,12,18446744073709551144,100,-87,324,621,60,534,0,27,3264827,0,0
fd00::203:3:3:3,19,0,0,215,3275247,298,325,60,12,18446744073709551118,100,-87,325,623,60,543,0,30,3275790,0,0
fd00::203:3:3:3,19,0,0,215,3286201,299,326,60,12,18446744073709551109,100,-87,326,625,60,533,0,19,3286734,0,0
fd00::203:3:3:3,19,0,0,215,3297155,300,327,60,12,18446744073709551113,100,-87,327,627,60,551,0,10,3297706,0,0
fd00::203:3:3:3,19,0,0,215,3308109,301,328,60,12,18446744073709551126,100,-87,328,629,60,530,0,31,3308639,0,0
fd00::203:3:3:3,19,0,0,215,3319063,302,329,60,12,18446744073709551121,100,-87,329,631,60,527,0,27,3319590,0,0
fd00::203:3:3:3,19,0,0,215,3330017,303,331,60,12,18446744073709551143,100,-87,331,634,60,537,0,61,3330554,0,0
fd00::203:3:3:3,19,0,0,215,3340971,304,332,60,12,18446744073709551132,100,-87,332,636,60,554,0,39,3341525,0,0
fd00::203:3:3:3,19,0,0,215,3351925,305,333,60,12,18446744073709551116,100,-87,333,638,60,552,0,27,3352477,0,0
fd00::203:3:3:3,19,0,0,215,3362879,306,334,60,12,18446744073709551145,100,-87,334,640,60,550,0,40,3363429,0,0
fd00::203:3:3:3,19,0,0,215,3373833,307,335,60,12,18446744073709551122,100,-87,335,642,60,530,0,24,3374363,0,0
fd00::203:3:3:3,19,0,0,215,3384787,308,336,60,12,18446744073709551136,100,-87,336,644,60,539,0,28,3385326,0,0
fd00::203:3:3:3,19,0,0,215,3395741,309,337,60,12,18446744073709551144,100,-87,337,646,60,539,0,65,3396280,0,0
fd00::203:3:3:3,19,0,0,215,3406695,310,338,60,12,18446744073709551119,100,-87,338,648,60,563,0,27,3407258,0,0
fd00::203:3:3:3,19,0,0,215,3417649,311,339,60,12,18446744073709551166,100,-87,339,650,60,524,0,49,3418173,0,0
fd00::203:3:3:3,19,0,0,215,3428603,312,340,60,12,18446744073709551141,100,-87,340,652,60,555,0,33,3429158,0,0
fd00::203:3:3:3,19,0,0,215,3439557,313,342,60,12,18446744073709551142,100,-87,342,655,60,547,0,34,3440104,0,0
fd00::203:3:3:3,19,0,0,215,3450511,314,343,60,12,18446744073709551115,100,-87,343,657,60,557,0,13,3451068,0,0
fd00::203:3:3:3,19,0,0,215,3461465,315,344,60,12,18446744073709551107,100,-87,344,659,60,543,0,58,3462008,0,0
fd00::203:3:3:3,19,0,0,215,3472419,316,345,60,12,18446744073709551111,100,-87,345,661,60,558,0,25,3472977,0,0
fd00::203:3:3:3,19,0,0,215,3483373,317,346,60,12,18446744073709551121,100,-87,346,663,60,528,0,15,3483901,0,0
fd00::203:3:3:3,19,0,0,215,3494327,318,347,60,12,18446744073709551107,100,-87,347,665,60,551,0,15,3494878,0,0
fd00::203:3:3:3,19,0,0,215,3505281,319,348,60,12,18446744073709551107,100,-87,348,667,60,541,0,50,3505822,0,0
fd00::203:3:3:3,19,0,0,215,3516235,320,349,60,12,18446744073709551122,100,-87,349,669,60,537,0,94,3516772,0,0
fd00::203:3:3:3,19,0,0,215,3527189,321,350,60,12,18446744073709551132,100,-87,350,671,60,556,0,39,3527745,0,0
fd00::203:3:3:3,19,0,0,215,3538143,322,351,60,12,18446744073709551114,100,-87,351,673,60,561,0,18,3538704,0,0
fd00::203:3:3:3,19,0,0,215,3549097,323,352,60,12,18446744073709551138,100,-87,352,675,60,529,0,33,3549626,0,0
fd00::203:3:3:3,19,0,0,215,3560051,324,354,60,12,18446744073709551132,100,-87,354,678,60,558,0,27,3560609,0,0
fd00::203:3:3:3,19,0,0,214,3571005,325,355,60,12,18446744073709551106,100,-87,355,680,60,560,0,6,3571565,0,0
fd00::203:3:3:3,19,0,0,214,3581959,326,356,60,12,18446744073709551133,100,-87,356,682,60,550,0,25,3582509,0,0
fd00::203:3:3:3,19,0,0,214,3592913,327,357,60,12,18446744073709551132,100,-87,357,684,60,561,0,29,3593474,0,0
fd00::204:4:4:4,58,0,0,644,32737,1,0,60,0,0,0,0,0,1,60,15,1,0,32752,0,0
fd00::204:4:4:4,19,0,0,214,43649,2,1,60,12,169,100,-32,1,3,60,34,1,97,43683,0,0
fd00::204:4:4:4,707,0,5,7732,829313,7,48,60,12,100,100,-84,79,7,60,18446744073709551615,1,42,829312,31,79
fd00::204:4:4:4,19,0,0,214,840225,8,50,60,12,93,100,-52,81,10,60,6,1,71,840231,31,79
fd00::204:4:4:4,844,0,4,9238,1331265,11,81,60,12,113,100,-58,130,12,60,35,1,63,1331300,49,129
fd00::204:4:4:4,19,0,0,214,1342177,12,82,60,12,82,100,-78,131,14,60,16,1,56,1342193,49,129
fd00::204:4:4:4,667,0,3,7304,1756833,17,107,60,12,128,100,-50,172,17,60,38,1,59,1756871,65,172
fd00::204:4:4:4,19,0,0,214,1767745,18,108,60,12,110,100,-84,173,19,60,21,1,80,1767766,65,172
fd00::204:4:4:4,19,0,0,214,1789569,20,108,60,12,110,100,-84,175,20,60,119,1,80,1789688,67,175
fd00::204:4:4:4,19,0,0,214,1800481,21,110,60,12,94,100,-38,177,23,60,18446744073709551599,1,89,1800464,67,175
fd00::204:4:4:4,19,0,0,213,1811393,22,111,60,12,126,100,-80,178,25,60,15,1,74,1811408,67,175
fd00::204:4:4:4,726,0,5,7947,2236961,25,136,60,12,137,100,-53,220,27,60,46,1,53,2237007,84,218
fd00::204:4:4:4,589,0,3,6444,2586145,28,157,60,12,135,100,-80,255,29,60,18,1,71,2586163,98,254
fd00::204:4:4:4,1041,0,4,11387,3186305,31,194,60,12,76,100,-37,315,31,60,13,1,88,3186318,121,315
fd00::204:4:4:4,19,0,0,214,3197217,32,195,60,12,112,100,-88,316,33,60,2,1,47,3197219,121,315
fd00::204:4:4:4,589,0,3,6444,3568225,37,215,60,12,111,100,-32,353,34,60,16,1,47,3568241,138,356
